Name,Convoluted_Layers,Convoluted_Filters,Hidden_Layer1,Hidden_Layer2,Learning_Rate,Batch_Size,Loss
Adadelta,21,3,60,16,0.0023025782208456937,90,2.161742925643921
Ftrl,18,3,61,21,0.0027150010188016806,100,2.3014795780181885
AdamW,29,3,46,22,0.009553325534652251,119,0.04224468022584915
RMSprop,31,3,50,31,0.0029872465007218458,102,0.024395106360316277
Nadam,24,3,39,16,0.008103862973015519,41,0.051170412451028824
SGD,22,2,45,23,0.004565502203365494,87,0.2970142960548401
AdamW,21,1,43,29,0.0010619573198229128,78,0.250821977853775
Nadam,16,2,47,32,0.00016113163597453165,105,0.12751004099845886
Adadelta,22,1,56,19,0.00996613376690419,89,0.9545151591300964
Ftrl,25,2,54,25,0.00983405954525764,99,2.301193952560425
AdamW,29,3,63,31,0.005481983474274349,120,0.029339585453271866
Nadam,27,3,61,24,0.0032478191454353715,82,0.023813243955373764
Adam,21,3,45,25,0.009705587716464452,69,0.05132998153567314
Adadelta,19,2,64,24,0.009389472098655179,46,0.5753691792488098
Adagrad,17,1,45,17,0.002352962339395889,111,0.701855480670929
RMSprop,29,3,50,20,0.006534694322673509,86,0.04065098240971565
SGD,30,2,50,28,0.0007385375788839388,41,0.614722728729248
Ftrl,17,1,54,29,0.009640851575428913,108,2.301192283630371
Adafactor,27,3,34,29,0.009697569026596601,118,nan
SGD,25,2,35,24,0.006731769424117375,69,0.2474363148212433
AdamW,16,2,36,25,0.0032651195170305325,47,0.04210066795349121
Adadelta,18,1,42,25,0.008459195987404541,114,1.7824044227600098
Adafactor,18,3,55,32,0.0016657405785288166,112,nan
Adam,28,3,41,20,0.009065974511953097,118,0.04069708660244942
Adamax,29,2,49,19,0.002606704192422375,82,0.04756574705243111
Ftrl,29,3,54,30,0.0020528547041802334,38,2.301557779312134
AdamW,26,3,41,26,0.0025603764775630673,44,0.029949743300676346
Ftrl,21,3,41,21,0.00019286397915060336,67,2.302433967590332
RMSprop,31,3,50,18,0.002090868901074941,33,0.0270092636346817
Ftrl,28,1,36,23,0.006890973426895816,103,2.3012099266052246
Ftrl,32,3,35,22,0.001132852841994226,74,2.3019015789031982
Nadam,19,3,36,21,0.0023663452271178278,71,0.03390543535351753
Adam,31,1,52,26,0.002731246640968164,53,0.24382805824279785
Adam,28,1,43,20,0.006771230147222233,64,0.21356810629367828
RMSprop,26,3,59,17,0.009779752238541807,50,0.08330552279949188
Adamax,23,1,55,26,0.0004096023421589187,40,0.3427228629589081
AdamW,22,1,54,19,0.004451568865956086,91,0.2427167445421219
Adam,31,1,47,24,0.0004563152445105385,45,0.2338118851184845
Adamax,25,3,53,31,0.008019838679245635,72,0.026272807270288467
Adadelta,27,3,59,19,0.00712384984064948,80,0.7378250360488892
Adagrad,27,1,57,23,0.004711782606068025,56,0.47622230648994446
Adagrad,28,1,48,28,0.00034065934022326844,45,1.9189443588256836
RMSprop,17,2,55,27,0.0077703069572621145,106,0.04319097474217415
Adadelta,22,1,62,16,0.0005154214086393546,120,2.278998374938965
Adagrad,24,1,38,17,0.0008092554511357097,82,1.992010235786438
Adagrad,23,1,64,24,0.004002016026037005,38,0.4585651755332947
Adam,24,1,63,18,0.004095592858516881,62,0.24131172895431519
Adam,16,3,63,18,0.0013552753654204892,66,0.037976138293743134
RMSprop,30,1,56,29,0.005111034697656354,72,0.2196504920721054
AdamW,29,3,47,25,0.0001520994581010104,82,0.08829782158136368
Adamax,25,1,64,31,0.002519643870899835,46,0.1967354565858841
AdamW,18,2,50,21,0.004173537806165362,79,0.03810960799455643
Adagrad,19,1,58,27,0.008891792457157125,119,0.43638139963150024
RMSprop,29,3,41,31,0.007014552249053259,121,0.03708012402057648
Adam,17,1,36,17,0.0009198436323263282,32,0.2728739380836487
Adadelta,22,2,59,20,0.009677007973309962,70,0.7157795429229736
SGD,18,3,37,22,0.005876193449549396,53,0.15961100161075592
RMSprop,28,2,50,16,0.0033386868683966788,46,0.03505660220980644
Ftrl,19,1,33,32,0.009264121394468854,64,2.30118989944458
RMSprop,24,1,47,16,0.004511981749881353,42,0.3242115378379822
Adamax,26,3,47,16,0.008384219379643917,40,0.025683129206299782
RMSprop,16,3,45,22,0.008018806448997027,38,0.09876591712236404
Adam,25,3,32,21,0.0041950904496598565,62,0.034902289509773254
Adafactor,16,2,60,24,0.002993208944065782,124,nan
Adadelta,27,3,54,18,0.00451415593669615,53,1.3853566646575928
Ftrl,22,1,45,23,0.0015393605891977583,74,2.301741361618042
Ftrl,16,1,36,17,0.0010792360587266604,76,2.301928997039795
SGD,28,2,32,32,0.0072789545460116385,96,0.2577599883079529
AdamW,23,1,56,32,0.005689357412950149,98,0.2369038313627243
Adafactor,27,1,34,22,0.0038516096818991944,116,nan
AdamW,28,3,32,28,0.008007227936542802,66,0.047032687813043594
Adamax,32,2,33,22,0.009491717388739362,52,0.028701938688755035
Adafactor,19,2,39,24,0.007391695428426303,122,nan
Adam,19,1,61,19,0.009701618699599165,119,0.21678099036216736
SGD,22,3,60,21,0.00625157200048837,122,0.22779618203639984
Adamax,25,1,43,24,0.006434677083626516,51,0.266506165266037
Adam,17,1,45,22,0.007060965340968397,67,0.2569931745529175
Adadelta,29,2,52,18,0.0028068712556753614,118,2.158404588699341
Adagrad,22,1,64,21,0.006949867434056041,101,0.42954862117767334
Adadelta,25,2,55,30,0.00958896421627465,115,0.6211821436882019
Nadam,21,1,42,31,0.007249717951001316,127,0.23199358582496643
SGD,26,3,38,30,0.003433949258262529,63,0.23029370605945587
Adam,18,2,35,18,0.00866839638074965,36,0.06570892035961151
AdamW,29,3,64,29,0.0034148158245496858,101,0.02820551209151745
AdamW,23,3,49,28,0.008198450734239594,72,0.040662553161382675
Adadelta,19,1,39,32,0.007382522669257165,71,1.430787444114685
Adagrad,17,1,39,27,0.004693863083983166,42,0.4788014590740204
Adadelta,16,3,53,21,0.0031758703815464714,35,1.8702136278152466
SGD,22,3,62,22,0.004714150372258326,89,0.23227611184120178
SGD,19,2,36,28,0.0014529927253521524,82,0.8358271718025208
Adadelta,18,2,49,19,0.0017257966108580305,33,2.1143271923065186
Adadelta,32,1,38,26,0.0013451763956647503,108,2.273608446121216
AdamW,32,2,40,21,0.006080686935044636,62,0.042101334780454636
Adadelta,29,1,42,20,0.005318836182489376,86,1.9337537288665771
Adagrad,18,3,41,30,0.004349357070046998,88,0.18789543211460114
RMSprop,21,2,42,17,0.00783382773292082,47,0.06701089441776276
RMSprop,17,1,34,24,0.004285119838774927,64,0.32465845346450806
Adam,18,3,45,17,0.007450447472198504,112,0.0376197025179863
Ftrl,22,3,64,20,0.005761959290876964,115,2.301236152648926
Adadelta,32,3,61,25,0.0011794084018080914,96,2.2197864055633545
Adagrad,22,1,58,20,0.0005940372632372056,33,1.5293081998825073
Adam,29,2,41,25,0.005118525031503949,44,0.03795573487877846
Adadelta,20,1,51,31,0.00984595310767692,81,1.2978708744049072
Adafactor,18,3,41,31,0.008683804201591433,78,nan
RMSprop,20,3,56,16,0.008643977620255268,113,0.04266443848609924
SGD,22,2,45,17,0.00999561587523958,87,0.21689961850643158
Adafactor,28,3,61,27,0.003876691057827856,53,nan
Adafactor,16,3,53,25,0.002535806018039442,96,nan
Ftrl,29,2,55,31,0.00931302022275108,114,2.3011906147003174
Adadelta,28,2,64,28,0.005713978140698178,118,1.0460084676742554
Adam,24,2,40,26,0.002476602646879727,86,0.032941173762083054
SGD,31,2,38,24,0.009047712639708001,55,0.14187249541282654
Adafactor,27,2,54,16,0.004090541233819952,71,nan
Adagrad,20,3,53,19,0.0008659858071622519,86,1.0501521825790405
SGD,24,1,60,31,0.0016757262981240098,40,0.6192663311958313
RMSprop,16,1,43,24,0.002233822756627556,87,0.25983139872550964
Nadam,25,1,60,30,0.0050012768170383,126,0.16881470382213593
RMSprop,28,1,36,31,0.004943390188498616,62,0.26743149757385254
Adamax,31,1,42,26,0.00235095134228578,127,0.3037484884262085
SGD,27,2,36,25,0.0006915095248448673,118,2.1864607334136963
RMSprop,28,2,35,29,0.004722264996371378,114,0.035242870450019836
SGD,17,1,64,17,0.0035123910530542157,85,0.6302629709243774
Nadam,16,2,57,29,0.005462763862607508,43,0.0404759906232357
SGD,25,1,64,24,0.003629292187505026,89,0.5824495553970337
Ftrl,29,3,63,21,0.00037427761319918035,116,2.30232834815979
Ftrl,20,3,33,32,0.0017281383781937464,98,2.3017075061798096
Ftrl,17,1,41,20,0.00047530093444926493,41,2.3022208213806152
Adam,24,1,41,32,0.009649745374709638,100,0.22708342969417572
RMSprop,18,1,41,18,0.006778512499877015,114,0.32892394065856934
Nadam,28,1,49,20,0.006998750718227381,52,0.2427135407924652
Nadam,18,1,34,29,0.006557028681308744,109,0.23935182392597198
Ftrl,32,2,48,29,0.004030143846769401,119,2.301344633102417
RMSprop,30,1,60,30,0.006085442065449116,43,0.32606494426727295
Adadelta,18,3,60,22,0.006189559841373655,73,0.909428596496582
SGD,29,3,46,22,0.005763006716182671,101,0.2409023493528366
Adadelta,22,1,61,26,0.006591443400908215,99,1.9407320022583008
Adamax,25,2,50,16,0.008943478370983034,70,0.03526417165994644
Ftrl,20,2,56,16,0.00016836175410640843,112,2.302464246749878
Adagrad,20,2,64,29,0.006874750734867388,102,0.17090411484241486
RMSprop,28,1,46,25,0.008365649511456894,79,0.31676605343818665
Adafactor,16,1,51,23,0.00654234019758608,82,nan
SGD,32,2,64,28,0.002451380472620058,81,0.4124862849712372
Adagrad,31,1,53,22,0.007493612699969839,111,0.4375690817832947
Adafactor,29,2,52,26,0.00984523667363694,84,nan
Adamax,24,3,32,25,0.009599462726185008,90,0.03976953774690628
Adafactor,21,1,37,23,0.00013258243934343946,97,nan
RMSprop,20,1,43,23,0.0010508601551162278,96,0.2834932506084442
Adagrad,16,2,36,26,0.0015295511024061338,70,0.4805566072463989
SGD,32,3,40,21,0.0021347044328953583,62,0.26117396354675293
Adamax,26,2,54,25,0.00916565466918884,67,0.029684780165553093
RMSprop,18,1,52,26,0.0062317992421990105,33,0.33358490467071533
Adagrad,18,3,40,18,0.0013038258392219842,45,0.29219427704811096
RMSprop,23,2,32,19,0.0030794730057824853,45,0.038169849663972855
RMSprop,26,2,59,32,0.004653972267902364,67,0.03525972738862038
AdamW,16,1,43,23,0.005565410514975708,101,0.2535541355609894
Ftrl,21,2,47,24,0.00958487889898477,95,2.3011910915374756
AdamW,26,3,62,28,0.0034588560777412754,39,0.029105762019753456
AdamW,32,3,58,21,0.00023932403192170645,127,0.08470926433801651
Adadelta,30,2,54,28,0.006854284181470948,96,0.8429762125015259
Adamax,19,2,32,28,0.009695812720187538,94,0.04129163175821304
Nadam,22,3,49,16,0.002199057283279301,66,0.03007557801902294
Nadam,24,2,46,26,0.009407365366861094,57,0.05073454976081848
AdamW,31,3,33,19,0.007444002485210055,102,0.041562270373106
Nadam,23,3,58,25,0.002890642178232563,70,0.026770878583192825
Adamax,31,1,40,18,0.006433485052695317,112,0.2797536551952362
Adafactor,22,2,43,24,0.005794638140675974,114,nan
Nadam,29,1,42,26,0.0068340634319497134,64,0.30194053053855896
Adafactor,22,3,56,27,0.0020570054020002883,112,nan
AdamW,24,2,34,17,0.0021433012839826753,56,0.040318869054317474
Adafactor,20,3,46,29,0.002419492228737347,114,nan
Adagrad,21,3,47,20,0.009332765703518087,125,0.123226597905159
RMSprop,27,1,44,24,0.005577228850521229,47,0.24479243159294128
Adafactor,22,2,56,19,0.006273693824270628,44,nan
Adadelta,16,1,61,30,0.004385608558392082,51,2.1119179725646973
Ftrl,18,3,51,28,0.00437479482321456,55,2.301264524459839
SGD,32,3,51,28,0.002288436069269519,119,0.4341377317905426
RMSprop,18,3,43,22,0.0056458764042140045,78,0.037806395441293716
RMSprop,31,2,62,23,0.004823335602057164,63,0.037653662264347076
Adadelta,16,3,50,28,0.004021931868502825,89,1.8107624053955078
AdamW,16,2,46,17,0.0032841440790309586,101,0.03797847777605057
Nadam,20,1,64,21,0.0036411106716616546,49,0.2159101665019989
Adafactor,22,1,39,31,0.00021666040059123686,127,nan
Adamax,31,1,48,26,0.0014822929990930991,118,0.31018027663230896
Adagrad,29,2,63,21,0.008428582833228433,114,0.17135660350322723
Adadelta,23,1,61,29,0.004182248901526529,123,2.1329362392425537
RMSprop,21,3,35,21,0.006494604452462724,88,0.044665269553661346
Adam,23,1,48,18,0.005104987984996392,61,0.20440350472927094
SGD,28,1,61,27,0.005395054437737371,102,0.5473700165748596
Adadelta,16,3,55,23,0.003950527521635445,114,2.0447311401367188
AdamW,27,1,59,18,0.0037867920076437678,81,0.24185021221637726
RMSprop,23,3,52,32,0.009986949739624515,41,0.13342583179473877
Nadam,19,1,60,32,0.004239112272260586,81,0.31625932455062866
Nadam,30,3,38,32,0.0018183211350484675,50,0.026648133993148804
Adam,20,3,35,26,0.0012782165690666011,38,0.034201595932245255
AdamW,27,2,61,30,0.0029258520481316203,104,0.030260147526860237
Adagrad,18,3,48,29,0.004380106174824085,109,0.17427629232406616
Adamax,21,3,56,25,0.0002439598540561475,53,0.1255904883146286
Adam,20,2,36,27,0.00530768143516348,122,0.04268764331936836
Adafactor,27,2,47,32,0.003898467355835173,38,nan
Ftrl,32,2,61,24,0.0012418066144998649,42,2.3018205165863037
Adam,28,2,50,21,0.007984107571149101,123,0.03608199581503868
Adadelta,18,3,49,21,0.009692703209938414,38,0.530501663684845
Ftrl,23,3,48,19,0.004106566193227873,39,2.301286458969116
Adadelta,16,2,53,20,0.003690271741955204,89,2.0566298961639404
Adagrad,30,2,41,21,0.007483706649438971,102,0.1568470448255539
Nadam,21,1,40,32,0.009630681767186195,123,0.2980230450630188
SGD,18,1,58,18,0.002218090290308323,106,1.5038732290267944
AdamW,21,3,44,26,0.009354936431446597,65,0.050719741731882095
SGD,31,1,39,18,0.006800073077438275,119,0.636333703994751
Adagrad,23,3,56,26,0.009530779893204071,111,0.11206580698490143
Adadelta,20,1,40,24,0.0008103749537090944,66,2.2705113887786865
RMSprop,19,1,35,18,0.0035009441324716038,83,0.30095037817955017
Adam,24,2,45,17,0.008198448583545149,71,0.04361381009221077
SGD,24,1,53,26,0.0012401761846351634,106,2.0569186210632324
Adagrad,28,1,47,16,0.009842576879664016,114,0.4306298792362213
Adafactor,30,2,55,25,0.006496418089296422,54,nan
Adam,31,2,37,27,0.00781857705095916,99,0.039778321981430054
SGD,20,2,62,18,0.0010428717432066342,69,0.982535719871521
SGD,25,1,55,31,0.001284026795461408,51,1.756364345550537
Nadam,18,1,61,30,0.006742499771752467,108,0.21457047760486603
Ftrl,31,1,39,18,0.007830793704235674,67,2.301194429397583
Adafactor,16,3,62,26,0.0037925702045561996,57,nan
Adafactor,30,2,61,30,0.0039924490318165844,104,nan
Adam,23,3,46,17,0.007417622601317667,82,0.036889757961034775
Adadelta,17,1,62,24,0.008514329343869384,98,1.368008017539978
RMSprop,23,1,44,22,0.0042747688748351826,57,0.2367301732301712
Adamax,29,2,46,31,0.0008158416447546975,101,0.09820160269737244
Adadelta,25,1,53,25,0.0005979877201945161,105,2.2778892517089844
Adam,31,2,63,21,0.005645038988010292,119,0.03047443926334381
Adamax,25,3,60,23,0.008555183953635711,108,0.02832038328051567
Adagrad,28,2,34,30,0.0065988562438707415,82,0.16799810528755188
Adamax,31,3,64,21,0.0019227697957904868,116,0.04884977638721466
Adamax,16,2,62,16,0.00986438775044287,90,0.03323536738753319
Adadelta,26,1,42,17,0.004277288406017892,121,2.2496163845062256
Adagrad,26,1,56,28,0.00864676982069253,98,0.42775991559028625
SGD,30,2,55,22,0.005103106259540871,117,0.3096444308757782
Adagrad,26,2,51,28,0.009870085045736962,60,0.10416088998317719
Adamax,17,1,42,30,0.006766106119902574,100,0.27085188031196594
Adagrad,24,1,36,19,0.005887401385878311,124,0.528023898601532
Adamax,30,1,37,21,0.0010891821813019912,108,0.36366868019104004
SGD,16,2,44,23,0.00470620742634853,44,0.20361198484897614
Adagrad,24,2,55,32,0.00018266692188249515,98,2.2613649368286133
Adamax,21,1,57,32,0.0019889395833874593,51,0.26788297295570374
SGD,22,2,50,30,0.0007540159421025518,92,2.0739541053771973
Adamax,24,1,32,17,0.005757272900806109,53,0.2888924479484558
Adadelta,26,3,42,16,0.009081931431152494,70,0.7116518616676331
Adafactor,27,2,58,16,0.006222498907967973,63,nan
Nadam,32,3,35,16,0.002704056124833452,95,0.027330264449119568
Adafactor,32,2,48,30,0.004021968686812295,83,nan
Nadam,22,3,55,18,0.0006943110637436059,111,0.04981732740998268
Ftrl,31,3,54,20,0.004254601714885843,88,2.301297903060913
RMSprop,21,1,41,25,0.006470096076640018,64,0.26886284351348877
SGD,22,3,60,22,0.008338804680532852,59,0.11771848052740097
Adagrad,23,1,57,30,0.00658774181926851,82,0.46043580770492554
Adam,25,3,62,18,0.008850891267070683,77,0.03920552134513855
SGD,24,2,63,30,0.007689189571481338,123,0.2869276702404022
Adafactor,20,1,62,22,0.003258052694000836,90,nan
Ftrl,27,3,60,22,0.007072802642607209,108,2.301208019256592
Adafactor,22,3,47,30,0.005815656964040253,71,nan
Nadam,26,2,55,26,0.005020585850012397,82,0.032735180109739304
Adamax,32,1,62,32,0.003447141545905816,125,0.26056602597236633
RMSprop,24,2,48,29,0.003136124024371012,106,0.031551241874694824
Ftrl,30,2,32,26,0.0009210275330064597,70,2.301989793777466
SGD,32,2,39,16,0.004971516205847447,88,0.31048691272735596
Nadam,24,1,64,17,0.008568580093105824,93,0.2803054749965668
AdamW,18,2,64,32,0.00017162944309337294,53,0.10055682063102722
Adadelta,29,2,34,22,0.0018209851157584753,37,2.089040994644165
Adagrad,28,3,55,21,0.001710988928241781,41,0.23873808979988098
Adagrad,25,1,45,25,0.004897017109935096,87,0.49541527032852173
AdamW,23,1,41,20,0.005356571448354493,93,0.2646447718143463
Ftrl,22,1,40,22,0.0017272593424349683,72,2.3016889095306396
SGD,16,3,49,19,0.003707428515911357,34,0.16732291877269745
RMSprop,28,3,60,22,0.009378551006507889,53,0.09022156894207001
Adafactor,29,3,48,27,0.004950143807286749,41,nan
RMSprop,32,2,47,22,0.007912951830565017,64,0.053650569170713425
Ftrl,27,3,34,32,0.0005079899495225036,98,2.3022425174713135
AdamW,18,2,52,28,0.0074507689662618405,43,0.05447869375348091
RMSprop,31,3,35,28,0.0013159338820582494,67,0.028550751507282257
Adafactor,24,3,47,27,0.0011659005365370582,45,nan
Nadam,22,2,46,22,0.005885155080652642,93,0.03318360075354576
Adamax,20,1,57,31,0.001955070413674129,124,0.27910497784614563
Adagrad,31,2,62,28,0.001242973793548863,108,0.5433183312416077
Adafactor,27,3,46,24,0.0037126947718106253,47,nan
RMSprop,23,3,53,20,0.003655564537918231,101,0.027704935520887375
Adagrad,19,3,54,30,0.005123389638005831,109,0.1836404651403427
Ftrl,22,1,32,21,0.002968684208549636,67,2.301410436630249
AdamW,17,3,56,28,0.00951039836999265,105,0.04577775299549103
Adam,29,2,48,24,0.0007902712856628474,94,0.051845695823431015
Ftrl,23,2,47,30,0.008914036098983924,61,2.3011903762817383
Nadam,19,3,37,31,0.008457566526380104,47,0.05244889482855797
Adadelta,32,3,58,23,0.0037324423909355082,109,1.5293503999710083
Adagrad,30,1,32,30,0.002377918844449355,80,0.7357712388038635
Adafactor,22,1,50,16,0.004939482193687958,122,nan
Adagrad,32,1,43,20,0.009586333477682247,97,0.3958908021450043
SGD,28,2,39,32,0.008352575993230636,105,0.24949952960014343
Nadam,31,1,44,26,0.0025670391969491654,102,0.24199967086315155
Ftrl,30,1,38,17,0.008504823793224205,81,2.30119252204895
Adadelta,28,1,34,31,0.003187086917851918,83,2.241309642791748
Adamax,23,1,50,22,0.006996462186965974,54,0.23899349570274353
Nadam,20,3,52,16,0.004832230080389862,41,0.03661045804619789
SGD,31,2,34,30,0.008063045640587276,91,0.2228354513645172
Adamax,24,1,44,24,0.002383220268456472,74,0.29375892877578735
Adam,24,1,44,26,0.0061037887644657535,58,0.3121976852416992
AdamW,31,2,40,23,0.001172723263431181,93,0.04547060653567314
RMSprop,16,1,50,22,0.00026542917005508457,48,0.3666088581085205
Adafactor,27,3,48,28,0.006671932475039865,68,nan
RMSprop,17,3,42,22,0.005267307698376346,102,0.03421083465218544
Adagrad,26,2,60,27,0.007892435674064419,103,0.16355352103710175
Adagrad,16,3,52,24,0.0034481580621843685,117,0.22121286392211914
Adadelta,27,3,43,20,0.0008313909932206866,37,2.235386371612549
Adam,27,2,43,21,0.009833332810796297,75,0.04546615108847618
Adam,20,3,33,31,0.0012133134063487345,43,0.03387106955051422
Adafactor,17,1,42,25,0.009054733864986028,122,nan
AdamW,21,3,41,28,0.000582388462861167,49,0.0441691055893898
Adagrad,30,1,42,20,0.0033947539929594273,91,0.5659573078155518
Adam,19,2,45,19,0.0031251932688797185,77,0.03960312157869339
AdamW,27,1,35,29,0.007158167042771492,67,0.22208376228809357
Adamax,28,2,63,26,0.003963012616989606,115,0.04381835088133812
Adadelta,18,1,55,20,0.0035089291805074593,104,2.2441446781158447
Adafactor,30,2,60,28,0.006429698200610807,118,nan
SGD,20,2,44,23,0.005419046530170627,73,0.258637934923172
AdamW,27,2,54,24,0.006638225314411696,64,0.03997278958559036
Adagrad,17,3,43,23,0.004311140887122331,113,0.22986185550689697
Adamax,19,3,60,23,0.00536135878271799,66,0.03284449875354767
AdamW,18,3,56,19,0.0015059260125177387,54,0.03269561007618904
AdamW,31,2,51,28,0.000764894771893898,42,0.038350660353899
Adam,32,3,54,29,0.0013513176082902186,96,0.03166840597987175
Ftrl,20,3,54,16,0.009414913823803354,123,2.3011958599090576
RMSprop,29,3,62,22,0.0021720356424345935,87,0.023207860067486763
Adagrad,21,1,54,24,0.001472292676918969,53,0.7784262895584106
Adamax,31,3,33,18,0.00017668219128122892,74,0.1889011710882187
Adadelta,26,2,37,31,0.0035838917391680814,45,1.582100510597229
Adamax,18,2,51,16,0.007983505333184716,56,0.03277304023504257
Adadelta,28,2,54,21,0.005282235532400512,58,1.2194039821624756
Adadelta,32,2,57,32,0.0073184181845095285,40,0.49864283204078674
AdamW,26,2,46,32,0.006857256011689123,128,0.040250662714242935
RMSprop,30,2,34,32,0.0034340976287633353,114,0.03220105916261673
Adam,24,2,48,25,0.009324622452091686,48,0.06158924102783203
Adadelta,25,2,48,19,0.0017142445686645674,67,2.205495834350586
Adadelta,26,2,32,18,0.008513796459287392,70,0.8394861817359924
RMSprop,30,1,38,17,0.0019036718814659254,73,0.2990476191043854
Adadelta,23,2,40,28,0.0030416960822606705,64,1.9716798067092896
Adadelta,32,1,57,30,0.002009271786762015,116,2.260422945022583
Adadelta,26,3,36,18,0.0024864216057727605,59,1.8040765523910522
RMSprop,21,1,63,19,0.007081383471660939,82,0.3110457956790924
Adamax,22,2,50,20,0.00513905987962707,121,0.05039752647280693
Adamax,32,3,38,20,0.0039600162528769635,49,0.030877092853188515
RMSprop,29,2,54,28,0.00935130666108097,82,0.05560833588242531
Ftrl,30,2,58,27,0.004320710711465519,35,2.3012702465057373
Adamax,30,3,50,17,0.002255394178643505,103,0.04738091304898262
RMSprop,24,2,46,16,0.0037517193145774116,60,0.031907666474580765
Ftrl,27,2,39,17,0.0023752074168044055,48,2.3014988899230957
Nadam,16,1,43,24,0.0011626508516336827,113,0.2980808913707733
SGD,18,2,63,29,0.002923022683082129,127,0.5919978022575378
Adadelta,28,3,38,32,0.00022420066498095992,74,2.2984719276428223
AdamW,22,1,36,17,0.003589517521359729,48,0.28731465339660645
RMSprop,26,3,59,24,0.00492413903129983,101,0.02841258980333805
Adam,27,1,49,19,0.0048536105428706785,42,0.31696999073028564
Nadam,32,3,57,31,0.008622911550531714,112,0.03378897160291672
RMSprop,25,3,57,32,0.0003425589874916359,79,0.0604562945663929
Adagrad,17,3,60,25,0.002467122453486039,118,0.30738404393196106
Adadelta,26,3,52,20,0.0002832731068589717,89,2.2955405712127686
RMSprop,28,3,53,23,0.009366305704311911,87,0.054238297045230865
Adafactor,31,1,38,32,0.004423678875118211,74,nan
Ftrl,28,1,47,30,0.009266496988439931,48,2.301192045211792
Adamax,20,1,42,17,0.002149329483548787,108,0.3102133572101593
Adamax,20,1,36,18,0.006414971040236615,116,0.2992405891418457
Adagrad,19,2,42,17,0.003848777661407846,93,0.3045666217803955
Adafactor,29,1,42,30,0.002726099082458724,99,nan
RMSprop,19,3,39,32,0.007577068493247812,120,0.0407581552863121
AdamW,30,2,41,28,0.004025702425949523,39,0.0396009124815464
Adadelta,28,1,50,26,0.005185866407408223,58,1.5615674257278442
Adagrad,16,2,51,26,0.004406135839548081,68,0.22340813279151917
Adagrad,30,2,58,24,0.00039723837136982596,106,1.9592466354370117
Ftrl,16,2,38,26,0.00036042454337065536,111,2.3023388385772705
AdamW,17,2,60,30,0.006933527179267462,85,0.042109228670597076
Adagrad,23,2,53,19,0.008933698566381867,92,0.1697305142879486
RMSprop,27,2,53,18,0.0002818725159176277,69,0.07708918303251266
Ftrl,26,3,54,22,0.0003552433615835138,47,2.30230975151062
RMSprop,19,3,38,24,0.004859003788732351,45,0.04802219942212105
Adam,21,2,41,32,0.003078348657485547,117,0.03493640944361687
AdamW,32,2,56,24,0.00458131400767339,89,0.03150050342082977
RMSprop,31,1,47,32,0.00773996442520372,98,0.2704041600227356
Adam,26,3,42,21,0.007572617684793804,62,0.04619988426566124
Nadam,18,1,51,32,0.0005469683603050808,100,0.32013261318206787
Adamax,25,1,51,23,0.008409374151255759,118,0.22234758734703064
Adafactor,17,3,52,23,0.00715853596704764,115,nan
Adam,31,1,39,25,0.0030120850458084996,116,0.23933370411396027
Nadam,18,1,33,16,0.00518260461146251,106,0.20575298368930817
RMSprop,32,3,53,30,0.006239667467549719,116,0.034337375313043594
Adamax,22,1,40,26,0.0021922044622936423,104,0.31771546602249146
Adamax,32,2,33,25,0.0030491312918203783,85,0.049216825515031815
Adadelta,30,3,32,17,0.008146064760603347,75,1.1500835418701172
AdamW,29,1,57,30,0.007776364627671001,48,0.314155638217926
RMSprop,22,2,53,23,0.009219204280142808,53,0.07564970850944519
Adamax,29,1,39,19,0.008920462262591128,82,0.27771633863449097
SGD,26,1,34,24,0.002089301635930286,127,2.036694288253784
Adafactor,25,1,37,24,0.006989346450066422,34,nan
Adagrad,20,2,64,19,0.006309855454224754,56,0.15405747294425964
Nadam,19,2,48,28,0.009052905137822793,58,0.05160815268754959
RMSprop,27,3,38,22,0.004508892264653139,111,0.03019852004945278
Adadelta,23,2,59,17,0.005788418607763478,95,1.7352163791656494
Adagrad,31,3,40,16,0.003723326090967397,120,0.2036609649658203
RMSprop,18,2,61,32,0.006557774007198492,78,0.04187675938010216
Nadam,20,1,54,30,0.0014012667577400536,111,0.2525630295276642
Nadam,25,1,57,22,0.006086486306786844,58,0.22375792264938354
Adam,16,3,33,28,0.0061508630511514645,36,0.04900357499718666
RMSprop,22,3,36,31,0.0014387406200811336,93,0.033878158777952194
Adadelta,29,2,44,17,0.009369835545340188,128,0.9221550822257996
Nadam,24,1,38,26,0.00817154117655331,87,0.31699201464653015
AdamW,30,3,36,22,0.0009115500329391165,72,0.04135555773973465
Ftrl,21,2,41,30,0.005748523110063617,69,2.301220417022705
RMSprop,26,2,45,24,0.002473910866116572,122,0.03268217295408249
RMSprop,29,1,47,31,0.00460770299565107,127,0.32071757316589355
Adamax,21,3,64,28,0.0037589926584861515,50,0.032992444932460785
Adafactor,19,1,44,21,0.008067903145736278,83,nan
Nadam,18,1,50,26,0.006917298414712879,118,0.3207622766494751
RMSprop,22,3,33,21,0.0023913407695344757,35,0.034876760095357895
Adagrad,27,2,52,21,0.002623116951095728,59,0.2886408269405365
Adamax,27,3,63,19,0.009901977492910646,71,0.02214798331260681
Adamax,32,1,57,32,0.00033687579176425067,92,0.41295185685157776
RMSprop,21,2,49,25,0.0005887015094538001,121,0.07126341015100479
Adamax,32,3,64,20,0.0035527366286185317,115,0.035402968525886536
SGD,29,3,64,28,0.0022182583291702816,112,0.42889508605003357
AdamW,23,1,41,27,0.001738157748892846,57,0.26424017548561096
Adamax,21,3,60,32,0.000693108932772744,61,0.06997715681791306
Ftrl,16,3,51,16,0.008572592034058572,43,2.3011910915374756
Adamax,25,1,49,16,0.002090382312898213,110,0.31762126088142395
Adamax,23,1,49,25,0.003773803936480904,122,0.27051854133605957
Adamax,16,3,43,20,0.007700906417670549,83,0.04165300354361534
SGD,28,1,47,30,0.00965838157836176,45,0.4082134962081909
Adafactor,17,2,48,20,0.005661687392534889,88,nan
Adadelta,25,1,42,30,0.004206921437262139,35,1.8611968755722046
Nadam,19,1,46,32,0.008669341220129842,110,0.2876797616481781
SGD,22,2,44,23,0.002099265285860264,97,0.5312034487724304
SGD,30,1,38,20,0.00790472748349006,80,0.48777297139167786
Adagrad,24,1,64,27,0.005235429969287286,42,0.42064693570137024
Adagrad,23,2,59,29,0.0008002880666999199,45,0.5474171042442322
Adamax,17,2,32,20,0.009904537287740186,72,0.040895286947488785
Adadelta,26,3,60,19,0.00012161430171155906,45,2.284543514251709
Adafactor,27,2,36,31,0.0035552002265379634,127,nan
RMSprop,26,2,40,28,0.00022412903262758227,111,0.10674459487199783
Adam,22,2,42,16,0.0016743621157735192,69,0.040654465556144714
AdamW,18,2,52,32,0.0052859651063299025,61,0.04123370349407196
Adadelta,27,2,51,24,0.00929438413494411,103,0.6493261456489563
Adadelta,31,2,38,30,0.0014765944766366966,62,2.2374157905578613
AdamW,17,2,48,26,0.003915724286840577,96,0.03755434975028038
Adafactor,21,1,46,22,0.0031587348216649018,65,nan
Adam,21,2,62,32,0.008955836770340954,38,0.055084578692913055
Nadam,25,1,59,27,0.004481395302734899,86,0.17404283583164215
Adam,16,2,50,19,0.008542438973776408,111,0.04692971333861351
Adamax,23,3,47,18,0.0099451578179299,47,0.024746496230363846
Adadelta,18,2,37,17,0.0006414669421326639,105,2.28279709815979
Nadam,24,3,37,21,0.003433118446523506,117,0.028084706515073776
Adafactor,24,3,53,28,0.0012083174401148304,99,nan
Adam,21,1,35,30,0.003986074664633791,42,0.2565946578979492
SGD,23,3,36,31,0.001844601631618551,34,0.21760553121566772
Adamax,25,2,53,19,0.008040548401151341,66,0.03567860648036003
Nadam,27,2,39,27,0.0006748743975750376,93,0.058883100748062134
Adadelta,23,2,49,25,0.007088780995548777,80,0.93271404504776
Adagrad,25,3,55,27,0.0007866722579791333,79,0.5484212636947632
Adamax,16,2,41,27,0.004174114945438103,49,0.048841703683137894
RMSprop,19,2,39,30,0.00984970340455955,81,0.06501264870166779
AdamW,29,3,58,19,0.008420041043607251,91,0.03687914088368416
Adagrad,20,3,44,29,0.00409192632220741,40,0.16862022876739502
AdamW,29,2,57,31,0.000550731895861825,63,0.04518696293234825
Ftrl,18,2,42,28,0.004129409456722451,117,2.301328420639038
Adadelta,27,2,45,24,0.007552864663618296,95,0.9575040936470032
AdamW,24,3,43,31,0.004907527968502267,32,0.044623374938964844
Ftrl,19,1,63,27,0.009876605094452989,56,2.30118727684021
Adam,16,2,44,26,0.0044596446771201816,45,0.04235653579235077
Adam,25,1,41,27,0.0074501988355784796,92,0.2573081851005554
AdamW,18,1,52,19,0.008915228768714898,81,0.32166382670402527
RMSprop,16,3,57,31,0.0019181952325079356,116,0.03179652988910675
Adagrad,31,2,48,29,0.009184221751359242,48,0.08784821629524231
AdamW,31,3,38,26,0.008027563988473672,76,0.041136905550956726
RMSprop,22,3,33,25,0.002007900870628702,38,0.031491268426179886
Adamax,29,2,48,24,0.004350558378470533,121,0.049414217472076416
Adam,23,3,49,21,0.005076684421484116,57,0.035810843110084534
Adamax,17,2,41,20,0.0016481148309086908,51,0.06526939570903778
Adamax,17,2,57,26,0.0021463554718527907,59,0.052361808717250824
Adam,18,1,45,24,0.0007995704240142677,102,0.300673246383667
Adam,17,1,43,17,0.006270054825480046,70,0.2220810204744339
Adam,16,2,35,31,0.0004536849201465244,63,0.07105924189090729
Adagrad,29,2,46,30,0.009261621563056188,102,0.14950494468212128
Ftrl,22,1,49,32,0.0008451273379530438,53,2.3020095825195312
AdamW,19,2,40,24,0.005370731443768883,109,0.04032827541232109
Adam,31,3,46,28,0.008042409656293862,127,0.03360450267791748
Adafactor,30,3,51,17,0.0014699302563188832,89,nan
Nadam,16,1,35,21,0.003178418110611134,111,0.21093766391277313
Adafactor,31,3,39,29,0.0051762992993110496,126,nan
Adagrad,30,1,54,32,0.007921877273784076,70,0.35733529925346375
Nadam,17,3,56,18,0.0036003106177881143,117,0.029225368052721024
Ftrl,16,2,33,28,0.006169846313848813,100,2.301222801208496
SGD,30,3,39,26,0.0002570505565284729,70,2.2057414054870605
Adagrad,19,1,46,25,0.007030632362627406,87,0.4535510838031769
SGD,23,1,43,21,0.006530205362105442,115,0.5801016092300415
Adagrad,30,2,47,32,0.004693212740559462,125,0.2474905401468277
Ftrl,19,2,45,27,0.00885609607626611,49,2.301189422607422
Adadelta,29,1,45,20,0.0037447468308704516,114,2.1492836475372314
Nadam,26,2,41,29,0.0058898408593447815,53,0.042642656713724136
RMSprop,24,2,57,18,0.0008269813307907899,41,0.03889039158821106
RMSprop,32,3,37,25,0.0028520632903543336,89,0.027239810675382614
Adafactor,30,1,38,24,0.0031092351682476455,38,nan
Nadam,18,3,46,23,0.003020421817006645,74,0.028578020632267
Adadelta,32,1,37,30,0.006896018704604785,99,1.2960858345031738
Adagrad,25,3,34,16,0.009869261662375423,73,0.10190480947494507
RMSprop,26,1,61,22,0.005445188276157723,53,0.31569889187812805
SGD,26,3,34,30,0.006245124637854009,107,0.21738576889038086
AdamW,28,3,41,27,0.004692986518620695,37,0.036783937364816666
Adagrad,17,3,39,31,0.00729973184074372,119,0.14700861275196075
Adamax,22,1,56,20,0.006400904730899592,68,0.2517941892147064
Ftrl,16,1,57,27,0.003935936285372805,44,2.3012967109680176
Ftrl,26,3,34,29,0.0038538357305493267,44,2.3012959957122803
Ftrl,19,3,51,16,0.009362747851957433,88,2.3011908531188965
Ftrl,24,3,39,30,0.0013948934298045018,106,2.3018319606781006
Adamax,30,1,64,24,0.008464465220704246,59,0.2005651295185089
Adam,17,2,34,17,0.0063136393055637915,121,0.045659247785806656
Adadelta,27,2,59,16,0.003938217598502615,83,1.9173353910446167
Adam,32,3,49,24,0.004607600187562697,48,0.030530229210853577
Adam,24,1,39,27,0.00031381547545397036,72,0.3347512483596802
RMSprop,30,2,33,27,0.002924470310533291,52,0.03472395986318588
SGD,18,1,54,31,0.002642995303962046,94,0.6985806226730347
Adagrad,17,2,52,24,0.0010291870274790498,106,0.8148066401481628
AdamW,32,1,35,31,0.0013688495235464047,107,0.23842811584472656
Adafactor,19,2,55,16,0.008601195961858127,79,nan
Adamax,31,1,63,17,0.005870258251013055,67,0.25586986541748047
Ftrl,31,3,41,20,0.004774530359306573,99,2.3012752532958984
Adafactor,21,1,49,26,0.00014200265872108816,44,nan
Adafactor,29,1,35,30,0.004319040505150707,55,nan
Adadelta,20,1,34,24,0.0053727438392518175,96,2.1130270957946777
Adadelta,22,2,54,30,0.0027630935939080142,62,1.9419891834259033
Ftrl,28,3,56,21,0.001735839961559422,72,2.30168080329895
AdamW,22,1,54,26,0.0003239839366482909,43,0.30152714252471924
Adagrad,21,3,43,16,0.004657823729233759,52,0.13683734834194183
RMSprop,19,1,54,17,0.00799246094852801,45,0.3393765091896057
Adagrad,21,1,52,17,0.0014031560316882274,69,0.9688302874565125
Adagrad,19,2,54,28,0.004082851149783878,105,0.26914381980895996
SGD,28,3,47,23,0.001897738653023147,85,0.3790227770805359
Adadelta,16,1,49,28,0.0030181983927156327,98,2.218625545501709
Adafactor,21,2,33,19,0.0018534098748300145,38,nan
SGD,24,3,54,24,0.008780045534333557,65,0.14071789383888245
RMSprop,28,2,58,17,0.002803279967091359,45,0.03017355315387249
AdamW,26,1,46,28,0.006610984246220368,49,0.21996307373046875
AdamW,22,3,52,23,0.002760912058088502,47,0.032590601593256
Adafactor,20,2,52,23,0.006174771539462516,66,nan
Adagrad,19,1,63,30,0.008946350011452442,110,0.39587917923927307
SGD,29,1,61,27,0.007600369375781812,83,0.46023860573768616
RMSprop,22,3,51,29,0.0038629789784568234,101,0.02750347927212715
Adadelta,32,3,61,25,0.00585067376382228,110,1.495622158050537
Adam,16,3,34,19,0.004781391894371489,98,0.04102414846420288
AdamW,25,1,36,17,0.00893748124494995,56,0.29426175355911255
Nadam,29,2,41,17,0.00012276815726965177,58,0.11411634087562561
RMSprop,23,1,39,31,0.0034224860051497966,78,0.2611120939254761
Nadam,16,2,55,29,0.0030118316899400174,76,0.03370368108153343
Adamax,20,1,44,17,0.008208020787030503,113,0.29910972714424133
Adagrad,32,3,47,24,0.008740323572908486,86,0.10062747448682785
Ftrl,21,1,63,17,0.007193970443770761,33,2.3011951446533203
Ftrl,26,3,34,23,0.007361167160423954,34,2.3011927604675293
Adagrad,26,2,58,18,0.0041200907641916725,83,0.26063212752342224
AdamW,16,3,57,21,0.009734510154579629,36,0.06602679193019867
Nadam,32,1,61,31,0.0013955591318886168,92,0.2357976883649826
AdamW,30,1,38,25,0.006130754131222182,46,0.27699312567710876
Ftrl,19,1,58,26,0.0023399083844562107,116,2.3015763759613037
Adam,21,3,37,22,0.006306735939000038,40,0.04972090572118759
RMSprop,30,3,33,20,0.005456421976165543,79,0.039910465478897095
Adam,32,3,57,17,0.0005294497341622826,75,0.04495203495025635
Ftrl,24,2,49,32,0.004361252348892694,92,2.3012921810150146
Adagrad,17,1,48,25,0.007466852068798277,97,0.4692005217075348
Nadam,30,1,43,21,0.0013698519179333056,48,0.2770968973636627
RMSprop,20,2,51,25,0.0015999441679256975,32,0.03547890856862068
Adafactor,20,2,47,28,0.004964932356987587,77,nan
RMSprop,30,3,39,30,0.0036377607417744343,127,0.02616092748939991
Adagrad,27,2,59,31,0.007389349803687515,115,0.17927972972393036
AdamW,31,2,52,20,0.003746303491402077,93,0.03171131759881973
RMSprop,22,1,42,20,0.0018290142769943128,76,0.2779309153556824
Adamax,26,1,50,18,0.007237263495907159,54,0.36171600222587585
SGD,30,2,64,30,0.00506936953757654,36,0.14012376964092255
AdamW,30,1,44,28,0.007598478084039943,62,0.2243131548166275
SGD,26,3,61,32,0.0037279130876975374,35,0.15455245971679688
Ftrl,32,3,36,20,0.0015523361362397995,115,2.301790475845337
SGD,17,1,44,32,0.0004404845093075358,82,2.286079168319702
Adafactor,20,3,34,17,0.0038789463802318216,77,nan
Nadam,21,2,46,19,0.009320107020242486,125,0.035010773688554764
Adagrad,22,3,36,22,0.007706179297953799,39,0.0965406745672226
Nadam,28,2,41,22,0.009845958297798841,55,0.05443713814020157
Adamax,16,3,39,31,0.00906411115411071,115,0.03694426268339157
Adafactor,27,2,59,17,0.003967741657709236,72,nan
Adam,18,2,36,32,0.009056322167808727,95,0.051045238971710205
AdamW,26,3,38,20,0.004259557119063415,67,0.032575834542512894
AdamW,29,3,48,31,0.006480417197142318,125,0.0328366681933403
Ftrl,17,1,64,20,0.0023157187190733096,99,2.3015618324279785
RMSprop,17,3,39,18,0.009513256025504664,53,0.08050871640443802
SGD,23,2,44,24,0.001984971846073051,74,0.4717983901500702
Nadam,16,2,62,31,0.0007112518870211474,87,0.05781468749046326
AdamW,29,2,54,21,0.0076787582138092446,101,0.037155020982027054
Adafactor,20,2,39,22,0.0013482343352606769,115,nan
Adadelta,31,2,45,20,0.0003061597700749121,100,2.2902684211730957
AdamW,31,3,37,20,0.009076023479476999,99,0.040076371282339096
AdamW,19,2,36,28,0.0005221916304652022,91,0.06908290833234787
Adagrad,26,2,60,28,0.004081386653742365,113,0.2775721251964569
Adam,21,1,53,28,0.00257542088731716,125,0.18069402873516083
Ftrl,21,3,51,30,0.006718709983913686,34,2.3011956214904785
Adamax,31,1,36,23,0.002168044759013378,106,0.31789591908454895
Nadam,18,3,38,29,0.007361728476235901,114,0.0325881652534008
Adam,27,1,42,24,0.0035083522818717197,34,0.2209707349538803
Adam,28,2,52,27,0.004183922952294975,39,0.033754367381334305
AdamW,23,2,43,23,0.004841859658404423,115,0.034673649817705154
Adafactor,21,2,38,23,0.005049768556328676,121,nan
Ftrl,27,2,46,20,0.00730498317664311,110,2.3012070655822754
Adadelta,32,2,60,23,0.007429726528206194,69,0.7982210516929626
Ftrl,30,1,39,25,0.006326946898536763,36,2.301201820373535
SGD,21,2,59,18,0.0020883260776499778,86,0.750379204750061
Ftrl,20,1,35,31,0.006634258376430987,122,2.301218032836914
Nadam,16,1,39,22,0.005330744161477239,87,0.3460167646408081
AdamW,26,2,37,26,0.005174023216293651,70,0.0428805872797966
Adadelta,19,2,60,17,0.007312587333078523,112,1.064459204673767
Adagrad,26,1,64,20,0.009771975885209488,67,0.3476996421813965
SGD,24,2,39,25,0.0004672401374901854,105,2.2620632648468018
Adagrad,18,2,63,28,0.008943928854709779,113,0.15569950640201569
Adamax,27,3,44,26,0.0031887580916822194,116,0.039297379553318024
Nadam,26,3,55,28,0.009696902774988365,119,0.03727056831121445
Adagrad,19,3,37,29,0.007926145766246794,98,0.1258060783147812
Ftrl,17,3,51,22,0.00015326885227299794,42,2.302455186843872
AdamW,27,2,47,21,0.0005097414890640887,62,0.054504793137311935
Adamax,16,1,39,20,0.003719495415976687,90,0.30666667222976685
RMSprop,31,1,57,28,0.007366477738214636,53,0.2407183051109314
SGD,17,3,60,16,0.005486209242007022,108,0.22702866792678833
Adagrad,23,1,40,16,0.007804190130251899,49,0.3675626218318939
Adam,19,1,42,25,0.005473658487610244,36,0.1958082616329193
Nadam,26,2,59,17,0.0027255049156465244,126,0.031020281836390495
Ftrl,18,3,33,25,0.005372805470123069,123,2.3012545108795166
AdamW,17,3,42,29,0.0012996406414430403,106,0.044640909880399704
Adam,25,3,45,28,0.0029896350922561043,128,0.02953636646270752
Adadelta,18,1,62,20,0.00182881900979185,102,2.271052837371826
AdamW,20,3,61,30,0.007556741090607268,79,0.041952844709157944
AdamW,25,2,46,19,0.009124474368013691,116,0.04094848409295082
SGD,26,3,61,18,0.00438760535708093,47,0.14469392597675323
SGD,31,1,44,18,0.0014784413560978331,105,2.0707690715789795
Adam,18,3,56,24,0.005046572743558484,73,0.033821772783994675
Nadam,16,1,60,17,0.006810471080819562,117,0.24011631309986115
SGD,18,3,52,28,0.006603450208361967,110,0.23912392556667328
Adamax,18,3,36,31,0.004597542126577053,127,0.04718989506363869
Adagrad,29,1,46,24,0.004128328324100408,45,0.46078652143478394
Adagrad,21,1,57,23,0.009195866900835072,41,0.34864577651023865
AdamW,24,1,59,32,0.00625015601957842,57,0.24424463510513306
Ftrl,19,1,60,19,0.0016460726325600108,71,2.3017048835754395
SGD,24,3,62,27,0.008447635678806369,107,0.18301814794540405
Adamax,18,3,59,23,0.0046641778684153295,94,0.03571104258298874
SGD,22,3,32,19,0.009792693484410397,71,0.1347394585609436
AdamW,31,1,64,21,0.009586798656146726,121,0.2509097754955292
Ftrl,25,2,60,27,0.0022686167996768094,41,2.301509380340576
RMSprop,22,2,51,30,0.007401888931300838,116,0.042512599378824234
Ftrl,19,2,43,32,0.005042219415243498,50,2.3012337684631348
Adam,28,2,58,20,0.00030210939627363733,48,0.060293324291706085
Ftrl,16,1,41,16,0.005815533269219962,66,2.3012218475341797
Adafactor,17,1,54,24,0.005110519861071526,55,nan
Nadam,18,3,51,23,0.008013565556214533,32,0.0630287155508995
Adadelta,20,1,55,24,0.002736639017997009,72,2.2110564708709717
Adafactor,20,1,50,23,0.006979645132742439,60,nan
Adamax,22,3,47,23,0.001420914571503071,42,0.05401580408215523
Nadam,23,2,39,18,0.007388518060949602,82,0.04399575665593147
RMSprop,22,2,44,28,0.005504836456954168,78,0.04071248695254326
Ftrl,22,3,46,20,0.00832480112803876,96,2.301196575164795
Adagrad,16,2,42,32,0.007574899072717349,90,0.1609221249818802
AdamW,21,2,53,27,0.002419237911579982,54,0.035174258053302765
Adagrad,27,2,37,16,0.001767221012957844,74,0.3912319540977478
SGD,24,3,43,18,0.004928822924231002,60,0.18620522320270538
Adadelta,17,2,53,17,0.004528022767492011,61,1.6868655681610107
Nadam,23,2,57,27,0.001898479809005545,63,0.034995075315237045
RMSprop,29,1,58,30,0.006478731691430029,60,0.30351629853248596
Adamax,24,2,43,28,0.003116853895348082,54,0.047471534460783005
Adagrad,26,1,49,23,0.00726859912826347,40,0.4185020327568054
Adagrad,24,3,56,19,0.006279648815184914,114,0.1512041836977005
Adamax,24,3,59,28,0.006619538627655344,96,0.030659545212984085
RMSprop,32,3,36,28,0.004772063644670878,45,0.04390916973352432
AdamW,24,3,55,27,0.0011286953221098911,98,0.03757491335272789
Adafactor,30,1,46,27,0.009178361351193052,123,nan
RMSprop,29,3,41,28,0.003130509795764183,98,0.02724851295351982
SGD,18,2,60,18,0.00875591480291234,46,0.1571713238954544
SGD,25,2,52,18,0.007708470529032896,32,0.127908855676651
SGD,19,1,51,18,0.009482093813949849,45,0.33718109130859375
AdamW,24,1,42,27,0.0075218189986224655,70,0.2585078775882721
Adafactor,20,3,55,30,0.001489012817210461,78,nan
Ftrl,31,1,61,26,0.007868074455944032,79,2.3011951446533203
Nadam,22,2,63,18,0.0036288003397200517,88,0.02644798718392849
Adagrad,30,3,52,18,0.0076359808198180135,63,0.11157677322626114
Nadam,25,1,36,32,0.0034256497235430152,76,0.19724775850772858
Adafactor,17,2,38,16,0.009428152036469899,90,nan
Adafactor,30,1,64,21,0.007170131600998458,102,nan
Ftrl,28,2,50,23,0.004217169004477107,93,2.3013010025024414
Nadam,29,3,40,22,0.0017217469013423572,52,0.029236815869808197
RMSprop,22,1,48,32,0.003521912221792697,47,0.2055882066488266
Ftrl,31,1,48,23,0.004707251166093944,105,2.3012757301330566
SGD,22,3,43,29,0.007438729828456022,61,0.1367649883031845
Adagrad,21,1,49,19,0.0024871444567456658,35,0.5181858539581299
Adamax,32,2,48,26,0.006058668605803125,48,0.03055526502430439
Adadelta,28,3,44,19,0.003548930245645614,96,1.8957154750823975
RMSprop,27,3,53,30,0.009614360709929024,121,0.052144262939691544
Adadelta,17,2,41,24,0.003683064519470751,104,2.0645742416381836
Adagrad,18,3,45,23,0.004496152772096161,42,0.13679657876491547
AdamW,20,1,53,30,0.004988284231991573,43,0.20010767877101898
Ftrl,30,2,35,30,0.001692333297499877,97,2.3017303943634033
AdamW,24,2,58,29,0.0004134955461193449,60,0.055359847843647
RMSprop,19,2,53,19,0.0010689469378216384,112,0.05347795784473419
Adamax,17,3,55,32,0.005685426715185571,127,0.036693863570690155
RMSprop,23,3,39,19,0.003038279903082463,37,0.03619231656193733
SGD,25,3,38,18,0.00041158629045812156,101,2.260725259780884
Nadam,21,2,38,31,0.0069811718092167244,61,0.045399487018585205
SGD,25,1,54,20,0.0004789923441804321,113,2.268253803253174
Nadam,18,3,38,17,0.001915277469765875,111,0.038467008620500565
SGD,22,1,51,21,0.007080196317389923,72,0.468614399433136
AdamW,23,3,60,32,0.005026037301391085,40,0.03619787469506264
RMSprop,25,2,34,22,0.008637507210217374,67,0.0628756582736969
AdamW,24,3,54,30,0.0014937439650322406,128,0.03679564967751503
Ftrl,20,2,51,30,0.00157859382139187,66,2.301738977432251
Adamax,31,2,43,17,0.0014090819139863041,60,0.06410780549049377
Adam,27,1,37,31,0.0042206639726357405,70,0.22327278554439545
Adamax,27,2,51,18,0.009357370128609405,60,0.030693188309669495
Adafactor,26,3,37,22,0.0013354557107933824,48,nan
Ftrl,29,1,49,21,0.0030016030243912766,38,2.301384449005127
Adamax,25,1,60,23,0.005780513219425862,68,0.25283485651016235
RMSprop,20,1,48,32,0.007979852159534668,61,0.22416576743125916
Ftrl,25,1,35,24,0.008870279319862555,52,2.3011879920959473
Adam,23,3,32,31,0.0006938165437362109,39,0.044122111052274704
Adagrad,24,2,44,23,0.0041159104002169685,109,0.2699907422065735
Adam,25,1,38,17,0.00408312490587817,103,0.2576844394207001
RMSprop,19,1,59,31,0.004930258929715909,72,0.306680828332901
RMSprop,30,3,40,22,0.0013259410961492803,36,0.028366174548864365
SGD,25,3,53,26,0.001301150432375533,83,0.639578640460968
RMSprop,21,1,33,20,0.007356946855555928,57,0.35729578137397766
AdamW,28,1,40,32,0.002741923469344055,107,0.2510444223880768
Adamax,16,2,38,27,0.00931939893321816,58,0.035206571221351624
Adafactor,18,1,62,32,0.009817002524110163,62,nan
Nadam,26,2,43,19,0.0008107888839019122,35,0.043364595621824265
AdamW,30,2,53,19,0.00027653256340220354,116,0.08770272135734558
Adamax,17,2,53,18,0.006470612550735035,35,0.03281551972031593
Adadelta,18,2,56,21,0.005478848504648168,66,1.3785182237625122
Adam,26,2,46,22,0.003544512252585736,33,0.03550978749990463
Adafactor,24,3,53,27,0.0041794546734489945,123,nan
Adamax,23,1,40,24,0.0001836152610373167,99,0.5661612749099731
Adam,32,1,33,23,0.0034103268091534456,74,0.24045471847057343
SGD,25,2,54,21,0.0029556331694801123,76,0.35846126079559326
Ftrl,27,3,46,31,0.0013369190871471309,96,2.30184006690979
Adam,22,1,34,20,0.008268610683605043,57,0.2911815345287323
AdamW,26,1,59,16,0.009962333153933167,103,0.24930988252162933
Adagrad,16,3,36,22,0.005368576258337244,65,0.17468297481536865
SGD,30,1,41,31,0.0009815661482072257,74,2.1812522411346436
Adagrad,19,3,38,21,0.0071717478927921605,47,0.11036200076341629
Adagrad,28,2,51,19,0.008242942255955114,84,0.1327534019947052
Nadam,16,2,36,17,0.005214295058569145,122,0.039205633103847504
Adadelta,31,1,32,21,0.0015409387589664478,124,2.2830119132995605
Adagrad,22,3,32,26,0.001898388504591974,39,0.22240421175956726
SGD,27,1,45,32,0.0021823124552196862,121,1.8286406993865967
AdamW,24,1,43,31,0.004856721832481313,109,0.25985994935035706
Adafactor,18,3,32,24,0.00487308103118369,111,nan
Ftrl,24,2,43,20,0.008821982525227931,101,2.301194429397583
Adafactor,22,2,39,25,0.00814465936170214,71,nan
Ftrl,30,3,40,28,0.004785117940500283,103,2.301272392272949
RMSprop,26,2,45,24,0.006714372513785059,48,0.059842538088560104
SGD,16,2,52,25,0.004752016122698141,46,0.25287309288978577
AdamW,23,3,43,26,0.007218489087401041,102,0.036775898188352585
Adadelta,21,3,42,28,0.005824839001115919,98,1.1579676866531372
Adamax,31,2,43,27,0.009931913079384383,62,0.030983733013272285
Adam,31,3,60,25,0.004299318924877364,94,0.02795429900288582
Adagrad,28,2,56,31,0.009852953962924625,57,0.09163898229598999
Adafactor,18,2,56,23,0.006073922943389717,39,nan
SGD,20,2,60,26,0.0025155945646328664,124,0.5333735942840576
Adafactor,18,2,48,20,0.005619232228048644,33,nan
Adafactor,28,2,41,23,0.007135724974328111,40,nan
Nadam,19,3,33,26,0.0007287482552698233,116,0.06269920617341995
Nadam,16,3,59,23,0.0011094231650686673,79,0.04210587963461876
RMSprop,21,3,33,29,0.009002909144411179,51,0.08723143488168716
SGD,18,2,58,31,0.005837007917546719,90,0.2759259343147278
Adadelta,19,3,35,18,0.0004382123408033577,63,2.291455030441284
RMSprop,16,3,51,29,0.0038290488061287825,103,0.029270479455590248
Adagrad,32,2,49,32,0.009744074912342755,101,0.14550314843654633
AdamW,25,1,43,32,0.004225791730678843,71,0.24377617239952087
Adafactor,23,1,49,28,0.006129183267197756,114,nan
Nadam,19,2,54,25,0.008820103744039005,106,0.03944891691207886
Adam,24,1,45,25,0.005063452988731887,111,0.19973182678222656
RMSprop,26,3,61,25,0.00887935559185439,107,0.04467444121837616
Ftrl,29,1,49,21,0.007423052234183091,90,2.3011999130249023
Ftrl,17,2,59,26,0.0040933258386194335,108,2.301325798034668
AdamW,20,3,57,19,0.0032034484713313583,83,0.029905593022704124
Adadelta,31,3,59,17,0.0008481527140509337,46,2.230573892593384
AdamW,27,1,62,32,0.007032186536762176,119,0.23743918538093567
Adam,27,3,62,21,0.003535825391012985,58,0.027523323893547058
RMSprop,30,2,56,20,0.0022129516161802534,96,0.02659846656024456
Adagrad,18,2,40,28,0.005282818884361428,40,0.17756500840187073
AdamW,22,3,36,27,0.0012374723309151747,54,0.03359692171216011
Ftrl,31,3,46,16,0.0008256540351831754,65,2.302037477493286
Nadam,16,1,32,16,0.0077042543529924935,99,0.34375277161598206
SGD,24,2,45,31,0.008439115477790148,76,0.2059786021709442
AdamW,26,3,42,32,0.00252812409410667,33,0.027477405965328217
Adafactor,27,1,64,25,0.00352440484609148,101,nan
Nadam,22,3,32,21,0.0033383725117408073,53,0.03271821141242981
AdamW,19,1,60,24,0.009366245921677403,95,0.21083219349384308
AdamW,17,3,56,22,0.005746708696962854,104,0.03228828310966492
Adamax,31,3,60,28,0.004057298414963494,44,0.024216728284955025
Ftrl,20,1,49,29,0.0028946405379925095,87,2.3014333248138428
AdamW,26,2,49,24,0.003182436096497985,34,0.03426171839237213
Ftrl,17,3,41,23,0.0011340782384260068,109,2.301954984664917
Ftrl,25,1,43,28,0.004761510867143045,104,2.301276206970215
Adamax,32,2,42,20,0.008607195022473535,99,0.03564950451254845
AdamW,26,1,49,25,0.00735445441865438,60,0.2169012576341629
AdamW,26,3,62,21,0.003607611957000793,82,0.02583824284374714
Adamax,26,1,53,27,0.0033708950776319374,124,0.2826404869556427
Nadam,18,1,45,30,0.005660884782236077,79,0.2961389422416687
Adagrad,23,2,32,16,0.0010475419957760455,66,0.8636821508407593
Ftrl,19,3,46,17,0.006285894765125255,99,2.301224946975708
Ftrl,31,2,45,16,0.008643397267365792,92,2.3011932373046875
Nadam,28,3,41,17,0.0001559610850451753,88,0.09807784855365753
Nadam,22,3,47,21,0.00522450196751344,35,0.03790660575032234
Adam,32,3,48,31,0.004652321682375,87,0.03206266835331917
Adagrad,26,3,37,27,0.006525377926433625,78,0.12096632272005081
Adagrad,31,3,59,30,0.008455244521568218,44,0.06605998426675797
Adafactor,18,1,38,26,0.007090234314573329,72,nan
Adagrad,19,3,49,20,0.0003557100386589778,128,2.2107744216918945
Adagrad,30,3,34,16,0.00960897406535643,87,0.11350139230489731
AdamW,23,1,49,21,0.004365101643090119,85,0.1998361051082611
SGD,26,1,59,19,0.00991172987735266,83,0.4257802367210388
Adamax,22,1,63,29,0.00033631063238435136,37,0.37342923879623413
SGD,32,1,33,19,0.0008962003968496354,87,2.256685733795166
Ftrl,26,1,47,23,0.00764678078121596,99,2.301201343536377
Adagrad,19,3,54,31,0.009118337927549233,77,0.10485576093196869
Adamax,26,1,36,28,0.008150647387006243,79,0.23105716705322266
Adam,21,2,33,31,0.008057902398365985,71,0.048561301082372665
Adafactor,28,2,56,16,0.007000226154309969,73,nan
Adagrad,30,2,57,17,0.005247819243163227,41,0.12882256507873535
Ftrl,26,3,54,22,0.005460771838048716,108,2.301243782043457
RMSprop,26,1,53,20,0.005821162192451107,88,0.3263556659221649
Adagrad,26,1,61,22,0.0003066646138149538,127,2.225299119949341
Adafactor,28,2,41,21,0.005867044171669789,44,nan
Adagrad,32,2,40,20,0.005262551069121075,124,0.2578272521495819
Adamax,31,1,34,25,0.0013951636356540787,50,0.30820736289024353
Adafactor,23,1,35,30,0.008897602905496708,108,nan
Adam,25,1,33,32,0.002409330620223482,80,0.266300767660141
Nadam,24,2,47,27,0.001694912028526963,117,0.04002760350704193
SGD,21,3,63,32,0.004806803295286639,99,0.22396674752235413
Adafactor,26,2,54,23,0.004516670214778424,97,nan
SGD,26,2,33,25,0.0024390927249919856,33,0.2539157271385193
AdamW,32,3,45,32,0.0024350625098555714,100,0.029743630439043045
Adagrad,26,3,50,22,0.009044481553810024,127,0.1145942211151123
Nadam,29,3,55,24,0.005269050640296976,99,0.028479766100645065
SGD,18,2,64,28,0.0015048194853647815,36,0.3628466725349426
AdamW,29,3,54,25,0.006793076755612556,109,0.03413749858736992
Ftrl,17,2,52,18,0.0025095511817975805,37,2.3014633655548096
Adam,23,1,33,29,0.009051667113495799,86,0.3380116820335388
Adamax,19,3,50,27,0.0005255786401330519,82,0.1132211685180664
Ftrl,17,3,47,21,0.0076200778643824305,92,2.301201343536377
Adam,31,1,57,31,0.008233801902133579,45,0.2520087659358978
Adam,18,1,55,16,0.007574043840867277,68,0.25125083327293396
Adafactor,25,3,61,30,0.0008078512645884094,41,nan
Ftrl,32,3,47,18,0.004375660195013851,69,2.3012757301330566
Nadam,28,2,61,22,0.003504441749151001,86,0.029328282922506332
Adafactor,31,3,60,30,0.0036855883101356824,103,nan
Adamax,18,2,43,20,0.002390366359037272,125,0.07339990139007568
Adagrad,22,1,51,17,0.0051149154019099145,112,0.5466840863227844
SGD,18,1,61,27,0.003075838461770611,37,0.5050227642059326
Nadam,27,2,62,31,0.008330821847134793,51,0.04976751282811165
Nadam,28,2,43,27,0.006067389056993848,112,0.03190670534968376
Adadelta,29,1,45,25,0.006944394041293842,51,1.1170995235443115
Adadelta,19,1,60,16,0.008769979150531203,97,1.328627586364746
Adadelta,32,3,46,18,0.0025583965654062883,81,1.9489740133285522
Nadam,23,2,57,24,0.006392435737297109,123,0.033403243869543076
RMSprop,30,1,41,31,0.004915298682996124,122,0.21968916058540344
Ftrl,21,1,32,30,0.0023794286785363814,65,2.3015129566192627
Adamax,32,2,60,31,0.0019482087064440774,65,0.05214444175362587
Adamax,27,3,47,24,0.0035961302372244956,79,0.03207937255501747
RMSprop,29,2,53,27,0.004767231256501053,62,0.0377025343477726
Adadelta,32,3,61,22,0.0005446693638377258,77,2.2624149322509766
Ftrl,31,3,37,22,0.008507529341129751,116,2.3011960983276367
AdamW,23,1,52,21,0.0008664914904105078,39,0.216160848736763
Adafactor,27,1,33,28,0.004890411330559645,58,nan
Adamax,29,2,32,30,0.002094269612400532,34,0.04739943519234657
Ftrl,24,3,50,16,0.0018992386825131742,64,2.3016269207000732
AdamW,30,3,62,31,0.006732634749316256,128,0.031899187713861465
Adadelta,28,3,62,24,0.0034390676907132597,48,1.3167943954467773
Nadam,26,3,46,31,0.0017820377267977977,103,0.029608750715851784
Adafactor,31,1,33,25,0.0058803081000091025,79,nan
Adagrad,22,1,64,27,0.008471367754153924,103,0.4156939685344696
Adamax,23,1,34,29,0.0022117089661540736,98,0.3212343454360962
SGD,28,2,40,18,0.0016028016314575712,87,0.9355257153511047
Adam,19,3,53,30,0.009514790651263955,125,0.037827447056770325
Adagrad,17,2,57,18,0.009072869818347384,115,0.16363872587680817
Adamax,17,1,45,16,0.007598807660965952,44,0.24846696853637695
RMSprop,21,3,51,30,0.003133730212096537,86,0.02946600876748562
Nadam,25,1,56,20,0.0053345282536890045,90,0.2252449095249176
Adagrad,19,2,33,29,0.004010469638468877,56,0.22583523392677307
Adagrad,20,3,41,32,0.006468128556644002,114,0.15581652522087097
Ftrl,18,1,44,24,0.0002586786383784638,51,2.3023765087127686
AdamW,20,1,58,30,0.009179778174230015,127,0.2539610266685486
Nadam,20,1,58,21,0.009636688709004285,32,0.31644147634506226
Adam,21,1,38,24,0.006788416375228314,85,0.27027425169944763
Ftrl,26,3,39,26,0.008056876463039275,127,2.3012020587921143
Nadam,24,1,35,21,0.007444084139466946,38,0.26898500323295593
Adadelta,19,3,64,18,0.0008684617170899175,93,2.2666685581207275
Ftrl,27,1,56,16,0.0049455130181667445,39,2.301234722137451
Adafactor,17,1,39,16,0.006669813917417712,55,nan
RMSprop,23,3,54,16,0.009701854039371464,81,0.06203969195485115
Ftrl,30,1,53,30,0.00585150973603749,114,2.301234722137451
RMSprop,24,3,37,22,0.005704091278477495,79,0.04068327695131302
Nadam,20,3,40,22,0.004986255600713898,33,0.04121684283018112
AdamW,16,3,44,29,0.009219466546340515,82,0.046890124678611755
AdamW,20,2,33,16,0.009069176415235764,55,0.058066509664058685
Adafactor,18,2,55,19,0.0032145376400188955,109,nan
Adam,24,3,45,21,0.009774655816553906,123,0.043211471289396286
AdamW,24,3,53,26,0.001997252298669704,127,0.03402285650372505
SGD,22,3,40,22,0.0013410197379454176,99,1.1702241897583008
Adadelta,21,3,50,29,0.006006920145963315,43,0.6756114363670349
Adadelta,27,2,43,30,0.002014921592914792,63,2.1081535816192627
SGD,32,2,52,19,0.00946649168905731,75,0.16676168143749237
Adadelta,18,2,50,19,0.00012393235494882274,126,2.2898905277252197
RMSprop,25,3,61,28,0.005442996424747197,54,0.0470026470720768
Adamax,28,3,41,17,0.00707547930094521,33,0.023015277460217476
Adafactor,32,3,57,16,0.008518583419115513,119,nan
Adadelta,28,1,48,26,0.003815954631622415,88,2.1005194187164307
Adagrad,18,2,44,29,0.008767520231838015,83,0.15707457065582275
Adafactor,29,1,46,17,0.009212802093293091,34,nan
Adafactor,22,2,55,26,0.007358526403115094,125,nan
Nadam,23,1,50,21,0.0038046341639563696,59,0.1916569173336029
Nadam,17,2,34,32,0.0062600182785218705,76,0.043361205607652664
Ftrl,24,3,35,28,0.007292866716085687,56,2.3011953830718994
Nadam,27,2,46,26,0.007018707309900489,95,0.036235906183719635
Ftrl,20,1,49,17,0.004972625465582953,74,2.3012471199035645
Adagrad,31,1,64,24,0.00727354430745258,78,0.3876626193523407
SGD,16,3,37,28,0.006122191259009106,38,0.1260720044374466
RMSprop,18,3,55,30,0.0006023935967222087,51,0.04409797117114067
Adamax,24,3,47,31,0.006674235267069954,70,0.03187889605760574
Adafactor,19,2,57,31,0.002769932519371669,76,nan
RMSprop,28,1,35,25,0.00810084083908997,112,0.2584926187992096
Adadelta,26,2,60,32,0.005345353636811783,69,1.067265272140503
Ftrl,20,1,58,27,0.0021818965709541013,33,2.301522731781006
Adagrad,19,2,33,27,0.007629764912874596,116,0.17051124572753906
AdamW,16,1,50,21,0.004598164777843632,104,0.2557907700538635
RMSprop,16,1,57,19,0.003392688051965482,44,0.24504658579826355
Ftrl,28,3,39,24,0.005142118787270007,78,2.3012421131134033
Adam,24,2,61,18,0.0022699189056441284,45,0.02941865846514702
Adafactor,16,3,53,27,0.008445509278097516,73,nan
Adafactor,30,3,57,16,0.008180072247351166,61,nan
RMSprop,25,1,48,25,0.0020153834022313805,47,0.21498095989227295
Adam,32,3,40,31,0.0008272435008523819,120,0.04229332506656647
RMSprop,22,1,62,23,0.006796794550895812,55,0.3178977966308594
Adadelta,30,3,58,24,0.0072777175487042005,83,0.6686121821403503
Adamax,18,1,36,32,0.0007076878531935856,93,0.3831254541873932
Adamax,26,3,36,16,0.0062171799718531715,60,0.03383202850818634
Adadelta,24,2,61,27,0.00032815961177494116,96,2.2857208251953125
Adagrad,30,2,55,23,0.0066519643494888136,97,0.1546688973903656
Adamax,24,2,60,25,0.007437206295099175,61,0.027952224016189575
AdamW,16,2,36,22,0.0029051958472198105,111,0.04609134420752525
Adamax,26,3,56,19,0.009951008782322806,101,0.025819625705480576
Adadelta,22,2,47,26,0.007764103120940164,67,0.8328970074653625
Ftrl,29,2,51,29,0.006294343428848075,102,2.301217555999756
Nadam,21,3,32,24,0.005458745810921229,112,0.03209942579269409
Ftrl,22,3,35,18,0.005064991564796325,89,2.3012499809265137
Nadam,18,3,50,26,0.004191461808246969,42,0.034149933606386185
Nadam,30,3,32,28,0.007549360768991081,80,0.03543977439403534
RMSprop,22,3,59,24,0.006319721213643434,99,0.0374070480465889
Adamax,16,3,56,30,0.002263734912543381,93,0.05152483657002449
Adam,29,2,64,18,0.008437504077803781,60,0.045908212661743164
Adam,17,2,39,32,0.005824527705241857,59,0.045418523252010345
AdamW,21,3,58,22,0.0036670136921105063,88,0.02892385609447956
Nadam,26,2,56,29,0.009526998718696975,48,0.0578157901763916
Adadelta,22,2,60,25,0.002450549451214635,104,2.2081151008605957
Adagrad,16,3,52,24,0.008008787438100552,52,0.0998237133026123
Adafactor,25,2,57,18,0.005477259057938922,61,nan
Adadelta,30,1,49,17,0.0004657256143188265,61,2.265892505645752
Nadam,24,2,60,27,0.00033917418379492874,128,0.08582951128482819
Adam,27,3,49,31,0.005180966722075328,96,0.031052781268954277
RMSprop,28,2,52,20,0.0045943097489114975,33,0.05189939960837364
Adam,19,2,58,17,0.00024086393833398247,57,0.07925248891115189
Nadam,23,2,59,19,0.005315590552059851,107,0.029825663194060326
Adagrad,23,1,39,25,0.009784503733322337,101,0.4209301173686981
Ftrl,23,2,41,27,0.004225073484895219,55,2.301279067993164
Adam,22,1,37,17,0.00930599965800115,77,0.24182835221290588
Adagrad,24,1,60,30,0.008270272226964422,60,0.35815057158470154
Nadam,30,3,45,28,0.009211584417949007,78,0.044292349368333817
Adagrad,24,2,46,17,0.004490199604491187,42,0.16966255009174347
Nadam,20,2,55,27,0.00714680383438609,44,0.0458790585398674
Adamax,21,2,61,26,0.006953887793423832,57,0.031219089403748512
Nadam,19,1,43,19,0.0034001792443211012,47,0.24681322276592255
Adamax,16,2,52,18,0.008545464752626429,95,0.040559664368629456
Adadelta,28,1,45,31,0.002223999232201689,56,1.918832540512085
Adafactor,21,1,44,27,0.0027209051618442446,47,nan
RMSprop,25,1,51,21,0.009876845325683706,73,0.3595300316810608
Adamax,19,3,51,20,0.0016754147441082176,49,0.05057976767420769
SGD,19,1,47,22,0.0002720002312975984,105,2.289958953857422
Adagrad,18,1,64,28,0.008811852161029263,102,0.465629518032074
Adagrad,16,1,39,29,0.003098848638486472,49,0.5774264931678772
Nadam,32,3,34,29,0.004683776515397499,78,0.030592579394578934
Adafactor,30,3,38,19,0.00362421727822614,91,nan
Adagrad,18,1,59,24,0.0035542190903460457,34,0.47230541706085205
Adam,19,1,40,21,0.003964299018395318,80,0.2581249475479126
AdamW,30,3,32,21,0.007640317305823923,111,0.03881525993347168
Ftrl,28,1,33,16,0.00026554715051616847,36,2.3023619651794434
Adamax,26,3,43,19,0.0014966220287323758,116,0.06786666065454483
Adadelta,30,3,49,32,0.001933587993761528,128,2.206681489944458
Adafactor,17,2,60,22,0.005502430392749388,126,nan
RMSprop,17,2,48,28,0.00020291404202746048,68,0.11454115062952042
Adadelta,24,3,43,30,0.009909533262484376,71,0.5649739503860474
Adagrad,25,2,55,17,0.009799524054862035,103,0.13937152922153473
SGD,31,2,32,25,0.001857105708103813,58,0.4847128689289093
SGD,18,2,50,16,0.008232312589829871,121,0.257910817861557
Adadelta,28,2,35,27,0.008355134255545989,55,0.6924349069595337
Adagrad,27,2,57,27,0.0029752552319346893,111,0.34467750787734985
Nadam,32,3,46,30,0.0024208326549647226,53,0.026283569633960724
Adam,30,2,47,32,0.005053941485361866,56,0.03531045466661453
Adagrad,19,3,42,23,0.009282848922765175,114,0.12654122710227966
AdamW,18,2,42,17,0.0027911823271411142,36,0.034431714564561844
Nadam,27,3,38,23,0.006593157335508766,127,0.03075587749481201
Adafactor,26,2,32,29,0.0037468562378682674,45,nan
Adagrad,17,2,56,19,0.001740812386447455,81,0.5093398690223694
Adam,30,3,42,18,0.0076199364607160355,69,0.04128388315439224
Ftrl,30,1,34,30,0.0044454411694818735,69,2.301274299621582
Adadelta,27,1,59,22,0.0025234290247960213,47,2.064784288406372
AdamW,16,1,50,26,0.0072231158929253825,47,0.309219628572464
RMSprop,24,3,44,29,0.004387247706180667,69,0.03284559026360512
SGD,18,1,57,30,0.006080174944359837,48,0.4572368264198303
Adadelta,25,1,53,27,0.0017827840837931841,83,2.2376508712768555
AdamW,25,3,37,20,0.0011911238030500838,88,0.03949625417590141
Adagrad,22,3,55,32,0.008769562421447955,106,0.12257140874862671
Nadam,31,2,35,19,0.0034177575712534616,82,0.031433168798685074
Adadelta,19,2,59,32,0.001955148700497951,118,2.2168023586273193
Nadam,28,2,59,28,0.005082608938517732,46,0.03241908550262451
AdamW,25,2,64,16,0.0016338303089315862,98,0.03393048420548439
Adafactor,28,3,60,30,0.007621923786613675,95,nan
Adam,19,1,46,18,0.006735952995036014,70,0.2568446099758148
Adafactor,31,1,53,30,0.00583891367396857,86,nan
AdamW,31,3,59,25,0.006594561324739547,106,0.031430117785930634
AdamW,21,1,61,30,0.002754795231796701,67,0.2524704337120056
AdamW,21,3,43,20,0.00395366806600349,48,0.03273506462574005
RMSprop,32,1,46,27,0.0044916970221970725,125,0.32076185941696167
RMSprop,26,2,62,27,0.0005765669160695831,44,0.042965661734342575
Nadam,25,2,55,30,0.0019456548331581898,69,0.031386598944664
Adamax,21,2,54,22,0.001896562925915062,90,0.06382353603839874
Adadelta,31,1,62,25,0.0023707450809869147,108,2.1848514080047607
Adam,20,1,51,27,0.002353583181261802,55,0.24135372042655945
RMSprop,23,2,42,16,0.006715913192221579,124,0.03955942019820213
RMSprop,28,2,33,21,0.0018079070550446907,73,0.03495927155017853
AdamW,21,3,37,27,0.008866695436813779,69,0.056013837456703186
Adagrad,29,3,49,25,0.005289749730026775,108,0.1455405205488205
RMSprop,20,1,38,29,0.00023280288789674365,42,0.3386169672012329
Nadam,31,2,39,16,0.0012666311551120884,105,0.041573416441679
Ftrl,19,2,41,25,0.004372864436835716,57,2.301266670227051
RMSprop,31,1,34,26,0.0005943461727188502,39,0.293496310710907
Adam,30,1,38,16,0.005896350174602508,114,0.20937508344650269
AdamW,21,3,57,24,0.0072847030422623065,41,0.05098618566989899
Ftrl,24,1,33,25,0.001260419631807581,52,2.3018131256103516
RMSprop,25,1,60,28,0.0023633789138455003,85,0.24131432175636292
Adamax,26,1,36,32,0.0010102955937018765,51,0.30081942677497864
Ftrl,20,3,53,25,0.005559343675861785,39,2.301215171813965
Adam,24,3,46,18,0.009863783938928056,102,0.04541633278131485
Adam,24,1,54,29,0.0060221505832736034,34,0.20486165583133698
Adam,29,2,52,19,0.009667419289257963,46,0.05447053164243698
Adadelta,22,3,49,16,0.0011140760047854664,32,2.192371129989624
Adamax,26,2,45,31,0.0013392601510192077,39,0.05651996284723282
RMSprop,25,3,39,30,0.0030253415575964646,102,0.02684793435037136
Nadam,24,3,38,23,0.004234187238480913,87,0.028630362823605537
Ftrl,30,1,53,27,0.00898436541097536,123,2.3011956214904785
SGD,17,1,56,19,0.005680807029474947,62,0.4831109941005707
Adamax,16,2,57,16,0.0047368827979751464,112,0.05102894455194473
Adadelta,31,1,35,28,0.002115423279161913,81,2.177725076675415
Nadam,27,3,56,19,0.005271002581374577,108,0.027148546651005745
Adadelta,20,2,53,20,0.008410782141774898,108,1.2074346542358398
Adafactor,24,3,47,29,0.0071836912281068276,37,nan
Adagrad,16,2,49,21,0.008033183115295285,127,0.2328655868768692
AdamW,16,3,64,17,0.006672295786528264,77,0.04185401648283005
Ftrl,17,1,51,25,0.004559387333347221,125,2.3012959957122803
Adagrad,27,2,62,26,0.002439734389797688,119,0.3623197674751282
RMSprop,30,1,37,18,0.0058650829471319655,71,0.34161555767059326
Nadam,16,2,51,31,0.004489431305195602,93,0.03492433950304985
Adamax,25,2,44,21,0.005672466539957567,89,0.03617056459188461
Nadam,27,3,61,26,0.007223364316488035,88,0.034571245312690735
Adafactor,20,2,37,26,0.004750703490937069,83,nan
Adadelta,20,2,35,16,0.0026270505778075307,125,2.225588321685791
Adamax,21,1,34,26,0.008252547473741063,120,0.2880828082561493
Adafactor,32,2,64,32,0.006163185764949407,127,nan
Adafactor,32,2,39,32,0.008779892679823823,115,nan
Adam,16,2,64,21,0.0014755674152091896,72,0.04093501344323158
Adafactor,17,1,43,24,0.005202851488859905,40,nan
Adagrad,29,1,39,22,0.0005317637455888683,90,2.0080583095550537
Adafactor,31,2,58,28,0.008507865592892471,112,nan
AdamW,22,2,43,20,0.0014945192486986406,79,0.03900642320513725
AdamW,25,1,46,30,0.007040206605670395,71,0.2552267611026764
Adam,31,3,39,27,0.008159607105061067,50,0.05025487765669823
Adadelta,24,2,42,29,0.004424963984411442,46,1.5547019243240356
Adam,31,2,42,24,0.004477864774215778,102,0.03459877148270607
Nadam,25,3,63,26,0.0083337191123413,85,0.03835942968726158
Adafactor,18,2,57,25,0.0044521147015453965,88,nan
Adagrad,25,1,60,18,0.006892532746201796,72,0.42392945289611816
Adam,27,2,40,22,0.005374377010765803,34,0.04259795323014259
Ftrl,16,3,35,27,0.004504159696480725,108,2.3012938499450684
Ftrl,16,3,61,31,0.0036173211112340777,65,2.3013360500335693
Adafactor,25,1,43,19,0.007438231703118215,124,nan
RMSprop,22,1,52,18,0.004400678055446484,74,0.21831676363945007
Ftrl,18,2,32,18,0.003023638143806276,74,2.301401138305664
Nadam,31,2,46,21,0.001378276125057468,47,0.03124602884054184
Adagrad,21,3,57,30,0.009509183677706106,107,0.11234307289123535
SGD,29,1,37,32,0.007424349983170978,62,0.454751580953598
Adamax,23,2,63,23,0.0013560603384437922,126,0.07535381615161896
Adafactor,26,1,47,25,0.006098735869437323,86,nan
Ftrl,16,2,50,30,0.006463315581789788,37,2.3011999130249023
Adagrad,25,2,50,21,0.007815478591456447,117,0.17741042375564575
Adafactor,20,1,49,29,0.0013445009083217093,41,nan
Ftrl,30,1,38,30,0.003502557975795905,112,2.3013839721679688
SGD,30,2,33,16,0.0016544314583180559,40,0.3684506416320801
Adagrad,27,1,40,26,0.00686729163646735,50,0.4292272925376892
Nadam,25,3,52,25,0.003141926038690172,94,0.025443673133850098
Ftrl,24,2,64,31,0.009631984479006704,76,2.3011910915374756
Adafactor,31,2,55,23,0.002570768099214724,60,nan
RMSprop,18,2,53,27,0.0023577516051787183,125,0.03413498401641846
Adadelta,21,3,54,20,0.008222700307793965,42,0.6231030821800232
Ftrl,30,2,52,32,0.009841517674349314,48,2.3011887073516846
Adam,26,2,39,20,0.008307520877459843,99,0.03835150599479675
Adam,17,3,57,21,0.0013543684350455845,101,0.04321678727865219
AdamW,28,2,53,31,0.004388486110711221,39,0.035163696855306625
Adafactor,16,2,61,30,0.006442019625313432,44,nan
Adafactor,24,2,35,23,0.007211447334389548,110,nan
AdamW,25,1,46,30,0.006801592973646429,121,0.2397906482219696
RMSprop,29,3,44,31,0.005954854383358936,103,0.03823040425777435
Adafactor,28,3,63,30,0.003985218663944569,67,nan
SGD,17,1,35,29,0.003872737473052128,42,0.4807412624359131
Adafactor,32,1,52,19,0.004471656311353132,100,nan
AdamW,16,3,45,31,0.006355839755784527,128,0.03540811687707901
SGD,22,3,63,17,0.009592044903802437,86,0.12774209678173065
AdamW,31,2,46,26,0.004195534236866372,108,0.03529340773820877
Adam,17,1,32,16,0.007131274166117115,100,0.28879523277282715
Ftrl,28,3,37,26,0.003956682233882772,44,2.3012845516204834
Nadam,25,3,47,29,0.002066238465459844,98,0.0313454307615757
Nadam,19,3,62,20,0.007812475142413458,121,0.03308006003499031
SGD,30,1,55,24,0.007543086865153651,64,0.43188291788101196
Adagrad,26,1,34,25,0.006858266194411344,44,0.4034196436405182
Adagrad,26,3,36,26,0.007517421718551055,125,0.13832329213619232
Adamax,23,2,33,18,0.005166420849043261,116,0.05014125257730484
Nadam,21,3,42,21,0.0007920173196625379,107,0.058176860213279724
Nadam,25,2,59,27,0.008954411851958477,126,0.036913495510816574
Adamax,17,3,35,26,0.002111697755945101,98,0.06028931215405464
Nadam,32,3,34,25,0.008578629549906736,83,0.03695644438266754
Adadelta,32,2,41,28,0.000979061283458887,89,2.2307448387145996
Adam,27,2,56,27,0.004778332413411848,74,0.03366822376847267
Adamax,26,3,52,31,0.0009454589554614315,85,0.06351368874311447
Adafactor,21,1,64,16,0.0005825862680244392,121,nan
AdamW,17,3,51,21,0.004052294350182883,70,0.032450661063194275
AdamW,31,1,44,16,0.0015748922795808687,115,0.2929801940917969
Adam,32,2,37,31,0.006698138078009697,119,0.038299255073070526
Adam,30,3,45,23,0.0076548213366311214,36,0.052804287523031235
Ftrl,17,2,46,16,0.007665283871555142,43,2.301191568374634
RMSprop,17,2,61,31,0.0002826654845945768,120,0.10193465650081635
Ftrl,17,2,48,17,0.001626911110336743,89,2.3017406463623047
Adamax,26,2,56,26,0.005922556585376101,128,0.03596823289990425
SGD,21,1,36,26,0.004748067647371739,57,0.5182960033416748
Adafactor,20,3,43,17,0.006610472804297243,113,nan
Adamax,30,1,41,29,0.006725091704245401,66,0.21858705580234528
Adam,28,3,44,31,0.007295714065220984,81,0.03839341178536415
Adam,23,3,63,28,0.0034634405721076203,69,0.028754862025380135
AdamW,30,2,46,29,0.007168094817776679,73,0.04112732410430908
Adam,17,1,64,28,0.004653859163587604,42,0.22992171347141266
Ftrl,29,1,53,32,0.005836106942986829,76,2.3012216091156006
Adagrad,31,2,37,20,0.001036873582118798,40,0.47213879227638245
Adam,21,1,43,18,0.008077118291735798,52,0.25015661120414734
Adagrad,23,3,35,29,0.005903013136373272,81,0.14079825580120087
RMSprop,20,1,63,32,0.0006750918291301101,96,0.2749418318271637
Ftrl,20,2,64,17,0.005081641213699766,93,2.301255702972412
AdamW,20,3,59,28,0.005203568520801554,55,0.0385209396481514
Adagrad,21,1,43,25,0.001696780191069654,58,0.658913254737854
Adagrad,16,2,45,19,0.002553673799363524,121,0.39548227190971375
Adam,24,2,58,28,0.004355443972630195,69,0.03340955823659897
Adam,26,2,63,17,0.0012722131256740498,121,0.04277491942048073
Ftrl,29,3,43,27,0.0013512897446356477,97,2.3018484115600586
Nadam,27,2,36,29,0.0005220751871373001,124,0.07250264286994934
AdamW,18,2,63,30,0.007535337811196962,59,0.04785826429724693
Adamax,30,2,54,25,0.001369685569292954,63,0.05419402942061424
Adafactor,29,2,39,29,0.005707319869645475,55,nan
Ftrl,16,1,50,29,0.00116192546834141,110,2.3019330501556396
Ftrl,16,1,39,28,0.003486684472252205,48,2.3013296127319336
Nadam,17,2,64,21,0.003441790401142843,112,0.03249615803360939
SGD,29,2,45,28,0.00037815807767633983,59,2.07792067527771
Adam,17,1,35,22,0.0053623097787954994,33,0.255430668592453
RMSprop,18,3,44,22,0.006098092570849928,67,0.044449079781770706
Adamax,28,2,43,26,0.0027560758089052065,35,0.039488352835178375
Adamax,27,3,57,16,0.004069018539994322,50,0.03183501586318016
Adadelta,19,1,43,25,0.000474399036635603,35,2.265037775039673
Adam,23,1,44,22,0.0004228297632288033,128,0.36542055010795593
Adafactor,32,2,53,32,0.0029175960316557927,54,nan
Adagrad,30,1,40,25,0.0007240182021613031,52,0.9505740404129028
Adam,30,3,32,32,0.0010284897869640719,91,0.043681055307388306
Adafactor,21,3,37,27,0.0011378460892441289,89,nan
AdamW,28,2,44,19,0.007264713136490932,38,0.05473420396447182
SGD,31,3,57,20,0.0009766568715021955,95,1.837562084197998
Adagrad,17,3,50,31,0.007656494127720321,71,0.12572775781154633
Adamax,26,1,57,26,0.002582214613962988,115,0.28909310698509216
AdamW,17,3,52,22,0.009679467700353144,49,0.06401200592517853
Ftrl,30,1,63,31,0.003638046653293347,70,2.3013360500335693
RMSprop,28,2,40,32,0.006870675744577104,81,0.04223397374153137
Adadelta,18,1,40,25,0.005212661688319818,52,1.9215396642684937
SGD,18,2,38,24,0.0005996030807400651,59,1.6799293756484985
RMSprop,25,3,44,18,0.009652775663733125,73,0.06533577293157578
SGD,24,3,54,16,0.007097661957298741,100,0.21022522449493408
AdamW,23,2,59,24,0.004713146701953333,116,0.03297966346144676
Adadelta,31,2,47,26,0.0012267970599277882,69,2.148347854614258
Ftrl,22,2,55,24,0.00267342255609356,89,2.3014721870422363
SGD,21,1,47,27,0.00254809669815302,41,0.5388448238372803
Adafactor,16,1,58,27,0.008363608580735399,100,nan
SGD,24,1,62,20,0.007718391327827751,125,0.5647282600402832
