Hidden_Layer1,Hidden_Layer2,Learning_Rate,Batch_Size,Loss
181,43,0.005121211264406971,73,0.4812713861465454
138,130,0.005571933881031863,95,0.5198295712471008
240,145,0.0073146563357434306,42,0.3059270977973938
151,217,0.003954894907890019,74,0.5447673797607422
193,129,0.002608404166828095,40,0.4566147029399872
142,256,0.005127355024778654,45,0.3728272318840027
88,99,0.0005708512206098617,101,2.2137115001678467
152,65,0.008532927447847389,72,0.35736826062202454
154,93,0.0032287886757524278,40,0.41678765416145325
192,122,0.00019926840722768962,126,2.2763097286224365
55,223,0.00940174168827475,108,0.45820221304893494
139,219,0.007045448507254563,62,0.37052491307258606
119,236,0.006565696700420582,81,0.43010732531547546
185,126,0.0011116658404008376,78,1.7052470445632935
94,175,0.004155248904419903,97,0.6979915499687195
35,255,0.007533909996105271,47,0.3575023412704468
76,193,0.008150589644999522,47,0.32710614800453186
233,216,0.008223649319866636,99,0.40667352080345154
196,108,0.004272295820281293,32,0.3452659249305725
223,133,0.0015662335279152159,115,1.7723731994628906
186,88,0.0001662021901883983,32,2.143289566040039
223,166,0.00871017188105236,117,0.4262414574623108
68,159,0.004130389473209578,94,0.7111055850982666
223,188,0.0021068156228100134,124,1.5669245719909668
105,97,0.007915651773063435,107,0.4421083331108093
216,191,0.0008067911101320009,66,1.8386127948760986
228,229,0.0030729407647879796,53,0.4977193772792816
57,198,0.006346065033455544,51,0.3858278691768646
95,175,0.0030826874060769986,104,1.0368579626083374
102,65,0.004758268602427651,98,0.6314724087715149
244,44,0.0007768104769003947,121,2.1069254875183105
140,241,0.0003347768242963603,102,2.23246431350708
87,72,0.00023858882357922557,126,2.27012038230896
82,216,0.0031629799870420356,45,0.49625205993652344
180,212,0.007214873018791735,65,0.3706795573234558
146,158,0.008907919649797489,33,0.2733026444911957
111,252,0.0006619003025104055,81,2.1843948364257812
181,50,0.0030893225367029068,107,0.8786672949790955
217,170,0.0038345086561061784,106,0.7244225740432739
217,227,0.006037148599390338,57,0.3676808774471283
90,71,0.005708717510213487,88,0.48921334743499756
60,134,0.007885870372294667,72,0.3955325186252594
36,68,0.009514723928707197,120,0.5050811171531677
109,150,0.0047738040475010755,90,0.547051191329956
230,251,0.0035536357151422647,62,0.4906562864780426
39,136,0.002146235067576223,54,0.9427561163902283
83,188,0.00479792565467547,111,0.7656906247138977
51,148,0.002461623748406385,70,0.8842841386795044
161,157,0.0012388921689185073,69,1.3425259590148926
141,174,0.009887855748063924,34,0.26507097482681274
177,123,0.005159665276493421,124,0.6270031929016113
229,161,0.003850829251650551,101,0.6691190004348755
37,59,0.00264605114875043,97,1.496230959892273
89,55,0.0032928138951171153,90,0.8010786175727844
250,205,0.00325897209619584,104,0.8408914804458618
226,251,0.008334537173525683,122,0.44612494111061096
62,106,0.0013554883186905236,43,0.9916858077049255
37,159,0.004342522327083217,45,0.45644739270210266
248,153,0.006391280563656608,119,0.5210567116737366
176,225,0.005153961770382515,75,0.4572591185569763
115,193,0.0016401452459869476,57,1.008329153060913
201,70,0.0012236010434720365,69,1.291119933128357
219,131,0.00964253845516293,105,0.39464613795280457
213,215,0.0030774013151174478,59,0.5287529230117798
100,215,0.004958809195742151,79,0.511281430721283
68,147,0.003055479307758438,36,0.4406229257583618
204,128,0.009879704984515411,78,0.34421858191490173
168,152,0.008396969858736378,121,0.46348464488983154
48,196,0.0009712872761267247,126,2.2104504108428955
68,239,0.005372037876918805,93,0.5951633453369141
32,179,0.006883012671534642,48,0.36754629015922546
106,78,0.0008058609460021487,73,2.0102996826171875
84,210,0.0007558992777905249,74,2.1325581073760986
161,138,0.00036754062963531683,36,1.9520124197006226
188,168,0.00038529257135433876,82,2.2017335891723633
221,173,0.004172240812748472,95,0.6007009148597717
236,46,0.004906962082607197,75,0.4814378321170807
226,218,0.0026966668853534745,105,1.061201572418213
66,48,0.007655543848589743,125,0.5712918639183044
214,233,0.004771319711328353,89,0.528169572353363
36,176,0.0003755808036790134,110,2.26751708984375
71,156,0.009382587179235596,76,0.3730855882167816
236,34,0.009355866353599055,112,0.4163399636745453
94,196,0.0016409898271129242,99,1.7736575603485107
208,246,0.00593357987493094,101,0.4944347143173218
242,99,0.007510917835550618,119,0.46169400215148926
156,192,0.005028155315174306,52,0.3924104571342468
124,79,0.005323823449244582,43,0.35352733731269836
134,36,0.003393878642823814,55,0.5028222799301147
173,234,0.001315741847109459,62,1.359056830406189
154,75,0.0027715803070060612,56,0.5490989089012146
105,170,0.008243526816677922,74,0.3727775812149048
78,252,0.0009617293347476854,65,2.089127540588379
145,172,0.004837982639894915,100,0.5875555872917175
256,226,0.0020345525527314307,98,1.2503348588943481
220,127,0.008600822089998551,80,0.35894206166267395
103,62,0.006231613888238565,58,0.38381949067115784
132,246,0.005269847381705282,116,0.7140588164329529
83,133,0.0013170474008592035,92,1.9323946237564087
112,196,0.007723040318990076,111,0.4666159152984619
220,45,0.00033247869015297674,82,0.11373071372509003
198,201,0.0006750108205079017,49,0.04810839891433716
234,154,0.0056138643265637896,114,0.04652862250804901
172,143,0.007056203249540979,76,0.07620980590581894
112,39,0.004206937523296816,92,0.052218448370695114
191,53,0.00329833925604233,79,0.04362012445926666
129,189,0.007763599730371232,94,0.0732879564166069
124,38,0.008016167239591991,63,0.08979243785142899
41,217,0.0033365404109275756,40,0.08435672521591187
211,55,0.005191826162654299,77,0.05432553589344025
59,141,0.004592228645562695,86,0.06438340246677399
137,148,0.0008985824781296137,74,0.05878569185733795
130,120,0.008427481498084524,100,0.08018168061971664
191,49,0.001637665827005935,111,0.04781856760382652
78,56,0.0035415049122365667,99,0.056032195687294006
115,166,0.004737135187412463,83,0.05508070066571236
45,203,0.007803562650498115,122,0.08332611620426178
204,117,0.0027982961979772943,33,0.05344926193356514
210,107,0.0022193047451913245,65,0.038972824811935425
160,106,0.007546097231023401,105,0.06753811240196228
242,109,0.0006589744411395113,108,0.06489545851945877
210,121,0.00045492390367203096,79,0.07470165193080902
115,227,0.0041431801485335255,44,0.07597722858190536
80,83,0.00712076529613023,66,0.09671628475189209
116,82,0.008256512910017803,66,0.09450596570968628
71,235,0.004460171759983387,80,0.05873331055045128
124,178,0.004716750900264571,69,0.058882858604192734
80,219,0.006613451710121345,101,0.06991804391145706
146,83,0.009418782160624896,124,0.06739850342273712
176,226,0.009072160401366698,116,0.0788666233420372
124,117,0.009266231252199674,56,0.13335280120372772
233,160,0.00565874273455055,97,0.053924839943647385
34,39,0.006844268670751724,42,0.1356339305639267
92,161,0.008791921624268055,60,0.12884476780891418
69,245,0.0005138238055028271,48,0.0910118818283081
127,57,0.0015669567983961758,124,0.05475207418203354
130,66,0.005575855840717623,88,0.05581718683242798
35,48,0.0006062222225328896,102,0.16644400358200073
92,167,0.006002180702933656,44,0.10866814106702805
212,81,0.005918797726150777,100,0.05198601633310318
128,83,0.007116951453308634,59,0.10136193037033081
212,102,0.0005126290916827534,60,0.06479977071285248
254,224,0.0008723358006526158,120,0.0461687371134758
79,202,0.002996374412969052,127,0.05017347261309624
206,221,0.005478764742536711,60,0.06589607894420624
89,226,0.0012004223661594724,52,0.05421648919582367
34,87,0.005794589055808737,59,0.10343184322118759
82,74,0.008301847447314584,116,0.07503697276115417
65,190,0.008415212211294164,32,0.19048954546451569
251,129,0.008889393691642636,124,0.06547093391418457
177,236,0.0037586121655708016,87,0.04325525835156441
135,185,0.007034835839509931,128,0.05606171861290932
153,228,0.0012368619486319036,74,0.043753039091825485
230,113,0.004893976001433797,128,0.04075666144490242
73,221,0.0008035603387832616,126,0.09574326127767563
144,39,0.007738976857260834,64,0.08844930678606033
254,51,0.0018366594672619733,122,0.03747894614934921
158,228,0.004654009754204251,70,0.06074564531445503
200,206,0.0047515360211867735,48,0.0739893689751625
135,137,0.005679176963812734,78,0.058699313551187515
166,227,0.0070415561796674945,70,0.08141278475522995
172,138,0.005557118495455475,124,0.04669224098324776
44,135,0.004123320113861176,110,0.06613627076148987
89,66,0.0044317121145416105,104,0.05451641604304314
122,32,0.0016652491351407941,125,0.06002886965870857
90,193,0.008662992625687772,41,0.1538996547460556
144,108,0.004515439243309866,93,0.0480920672416687
113,197,0.00408667526064044,95,0.04816068336367607
201,99,0.007531053621751675,124,0.0590861439704895
127,62,0.004478977671351337,39,0.09066580981016159
160,109,0.0046110985273400355,109,0.047526177018880844
194,98,0.00530411545943653,118,0.04479236528277397
138,146,0.008879887424674713,66,0.11152119189500809
230,69,0.0016025899036523907,55,0.038658469915390015
234,117,0.0041756503657780965,43,0.06413804739713669
95,83,0.0009918349851078423,40,0.06581360846757889
149,247,0.0034433777367334963,128,0.040871091187000275
147,125,0.002278348004310531,77,0.04055244103074074
62,132,0.00015924082139182326,33,0.17896102368831635
227,56,0.003668057351667964,123,0.039374157786369324
67,77,0.004567019566001357,53,0.07630375027656555
209,145,0.006675531541462748,47,0.10877183079719543
214,97,0.0006453717988213583,42,0.051385000348091125
38,126,0.005805439205697368,114,0.07689400017261505
167,159,0.009122002732903083,94,0.08481504023075104
102,44,0.005818854327693204,46,0.0843062549829483
170,236,0.00751130169879259,51,0.1102985218167305
62,128,0.004184849346535322,41,0.09176057577133179
116,135,0.002443965704445437,78,0.04625048488378525
202,208,0.006364791125589002,57,0.08695026487112045
165,57,0.002900865197751471,124,0.041988447308540344
121,72,0.0051906353423706985,36,0.11022824794054031
170,252,0.0027269487562058504,40,0.05272620543837547
226,153,0.0009815962166386256,36,0.04161147400736809
115,33,0.006626108805431099,45,0.09699703007936478
133,61,0.007731434838311361,101,0.06281716376543045
45,233,0.0014755962979176081,32,0.07623271644115448
181,86,0.003903661379408231,125,0.041442353278398514
235,157,0.007784917295305518,98,0.07364185154438019
131,225,0.005428906132219224,115,0.051961466670036316
117,235,0.0006718118190543011,103,0.06983901560306549
141,172,0.002544784726079706,47,0.04355177655816078
250,256,0.009615260587691358,122,0.07433126121759415
224,138,0.008216686489340218,94,0.07009343802928925
169,61,0.009225837734713447,51,0.08374877274036407
118,118,0.00017772244111112162,33,0.12317819893360138
157,218,0.002785829362963079,104,0.03893855959177017
141,173,0.008318408969013664,124,0.059265900403261185
239,87,0.009145463440016679,65,0.07385234534740448
126,222,0.00010757740021244866,32,0.16068699955940247
252,199,0.004222226594986735,88,0.043393176048994064
163,171,0.0065655969247056445,109,0.05463935807347298
124,205,0.004657769962786563,86,0.04985764995217323
84,65,0.005054682948562944,104,0.05317561700940132
87,227,0.00043774692140495557,74,0.09663604199886322
46,211,0.006813807293468155,79,0.08292264491319656
71,210,0.007779003108972549,108,0.06881352514028549
97,170,0.0041670417463943905,68,0.054407503455877304
119,126,0.009561551332113491,89,0.07559065520763397
86,238,0.009096466504225497,69,0.09344176203012466
226,86,0.006134058869932783,60,0.05881342664361
35,130,0.002578706481694427,49,0.07266230136156082
92,138,0.008468818959502723,58,0.08101430535316467
253,204,0.00184051300161718,118,0.034987036138772964
150,246,0.003518635474141204,52,0.04802006855607033
53,158,0.005132156821316391,68,0.07204633206129074
74,65,0.0034952573073402868,41,0.05900973454117775
148,81,0.008180220093556286,83,0.06331568956375122
87,35,0.0043496553182456816,79,0.053417105227708817
180,87,0.001373206092036069,61,0.03797616809606552
173,247,0.002288814805810241,68,0.03968656435608864
111,193,0.00890552585623425,92,0.07247079908847809
100,185,0.009061908538081724,120,0.06868810951709747
237,100,0.0019367872452464088,112,0.03473838046193123
149,207,0.00316387939166559,45,0.0468459352850914
105,206,0.0009077296013322808,103,0.05926688760519028
244,243,0.001190021977924587,121,0.036639273166656494
130,199,0.009172305604064838,80,0.08231385052204132
186,153,0.0036062328083290036,75,0.0432695597410202
117,102,0.0005334305197461863,123,0.10031338036060333
134,210,0.0074314287211847884,98,0.06414304673671722
229,119,0.004350460164764464,117,0.04023498669266701
249,115,0.003215539279315712,74,0.0398741140961647
60,147,0.0005043055578418051,54,0.10281679779291153
129,254,0.006521219652596662,50,0.07514607906341553
170,190,0.009243102304330753,93,0.07463514059782028
123,48,0.006160872504311986,53,0.061858881264925
225,115,0.0008922940434563523,108,0.04710055887699127
102,224,0.006644002027445336,35,0.08422429114580154
139,69,0.00039415191307418736,85,0.10491002351045609
242,44,0.0033921180265547744,128,0.03251556307077408
214,62,0.00021738925020846003,103,0.14043326675891876
255,171,0.007008498912791164,99,0.06131819263100624
83,245,0.0025144382174297998,75,0.04752432554960251
108,37,0.0010015166665844383,81,0.0711711198091507
47,112,0.009554088510876038,90,0.09010777622461319
37,63,0.0033820412281361303,125,0.08181756734848022
191,43,0.0072615972299541354,120,0.04820561408996582
77,69,0.00017910011336785592,82,0.20200514793395996
197,84,0.008119305160125363,48,0.07540728896856308
58,68,0.008391517911365094,47,0.09156531095504761
52,212,0.008927493395809573,87,0.0867936834692955
64,127,0.009554095552326778,42,0.10804866999387741
127,147,0.0035644984877119643,41,0.053522832691669464
154,239,0.00624386440966588,111,0.05275442451238632
53,147,0.0035262064547528986,126,0.060441505163908005
63,167,0.0028446909880358398,56,0.05455845221877098
239,205,0.0027790320010893836,46,0.04303570091724396
175,82,0.006273193822588429,128,0.04641181603074074
188,251,0.003467835649506513,46,0.049846675246953964
83,212,0.009822329991997648,119,0.07095444202423096
63,132,0.00014217013270341036,124,0.24305292963981628
126,220,0.004896566752752839,92,0.048967353999614716
186,214,0.0038105822540360906,115,0.0389716811478138
248,120,0.007737097062238349,72,0.06732136011123657
162,90,0.0033975314225604806,32,0.05178003013134003
149,211,0.0004057467716773768,123,0.09918110817670822
252,106,0.006447209458726681,119,0.05146803706884384
56,152,0.0033040401764779103,35,0.06402602791786194
150,256,0.0039131804095232075,111,0.04107588157057762
34,65,0.0023003372664756982,52,0.08065331727266312
162,184,0.0028114036320815894,119,0.03883941099047661
110,181,0.003417144358482491,109,0.04278144985437393
135,81,0.0013129858290625393,70,0.044183894991874695
43,141,0.003533092503551889,40,0.06712133437395096
53,243,0.009941200373968416,114,0.08783295750617981
235,138,0.009506766001110693,62,0.08558810502290726
111,176,0.004702717469541828,87,0.051764458417892456
86,178,0.007697599716076299,126,0.06141742691397667
80,63,0.007341162656889855,46,0.0798841193318367
66,88,0.009462434712670777,104,0.07169938087463379
57,70,0.007860713211949411,68,0.08291352540254593
179,219,0.0006920884567223131,122,0.06158706173300743
255,77,0.004288548044141606,84,0.04354880750179291
164,126,0.009559335566559708,92,0.07350464165210724
239,194,0.0024916097690397894,96,0.03624270111322403
92,109,0.001233525431847542,53,0.05016419291496277
175,109,0.002826847961123617,44,0.044294558465480804
37,164,0.008655271970728273,85,0.09841758757829666
47,49,0.009236503444441206,107,0.08208116888999939
162,213,0.006622161326068794,97,0.060026321560144424
159,85,0.006399471188659073,123,0.04970453307032585
88,233,0.00846151434814659,84,0.07532097399234772
64,79,0.00018074792017233604,82,0.1968178153038025
96,150,0.00651044089028453,72,0.06780038774013519
156,218,0.0036631619953346743,53,0.04953440651297569
192,156,0.00458671810357989,66,0.05234932899475098
93,159,0.000584626109377065,99,0.0900212973356247
107,132,0.009218310733960516,108,0.07000774890184402
201,130,0.004070799392576669,117,0.04433651641011238
37,252,0.0020185518810816694,118,0.0761890634894371
117,110,0.008405797891364824,66,0.07996394485235214
87,81,0.0031901462380794477,122,0.04912659898400307
169,246,0.009056136082320403,81,0.07967938482761383
151,204,0.001711740738495508,69,0.037838321179151535
144,110,0.009198884785028201,79,0.07313136756420135
40,71,0.002970968306275786,37,0.0775398537516594
174,41,0.00963068328021698,103,0.06481292843818665
81,60,0.0013970729780780828,52,0.05758252367377281
252,54,0.0052324665890102345,51,0.05340386927127838
103,61,0.0033625882320067017,65,0.050006914883852005
208,101,0.0044264806450808976,106,0.0416954942047596
56,171,0.00036357845869421177,54,0.1246795579791069
97,245,0.00593941052529712,64,0.06895732134580612
252,41,0.008409038155056888,92,0.06208129599690437
33,253,0.005554464892086614,116,0.07402700185775757
37,186,0.009089508910765952,32,0.12208165228366852
243,175,0.00908903441096422,32,0.10624609142541885
240,214,0.00333583021266664,37,0.05335484445095062
187,62,0.0064034075826053995,118,0.04781228303909302
164,96,0.0026282204237652496,58,0.04339156672358513
95,249,0.008057495215828912,74,0.08548371493816376
130,93,0.005500768701478575,128,0.04613456130027771
49,66,0.003675103656847964,104,0.06830495595932007
252,252,0.0017483181373988289,65,0.036243509501218796
75,63,0.009737490473749147,114,0.06912409514188766
90,99,0.005841253080738577,74,0.06006300449371338
126,40,0.004027045484357288,115,0.04808700457215309
209,215,0.004543060851931934,78,0.048892077058553696
132,142,0.006605190034523464,75,0.06211032718420029
200,152,0.003649840417516136,63,0.04737980663776398
241,69,0.0034571867615773317,124,0.0347546711564064
42,124,0.00595556440009574,115,0.06909268349409103
85,43,0.0029339726521877257,51,0.05320010706782341
178,212,0.0028652665925615246,91,0.03883526846766472
113,118,0.007168020516601979,54,0.07638618350028992
177,124,0.00550591080763811,101,0.05084843933582306
200,108,0.003586563727425582,106,0.041913002729415894
204,101,0.00758930219103347,102,0.05908958986401558
138,55,0.0038990506263125255,89,0.04880550503730774
96,187,0.003528912692962154,64,0.05226464942097664
248,117,0.009384351263077616,56,0.08316872268915176
156,224,0.004466525397092125,123,0.04348105937242508
165,250,0.00973151079187029,47,0.0970374271273613
184,101,0.00024795705775011587,92,0.12068575620651245
193,84,0.004187092181660326,116,0.040407463908195496
49,62,0.008571036414987389,96,0.07993735373020172
65,51,0.008737928659463072,103,0.06848578155040741
174,188,0.0029845373049757346,114,0.03750474750995636
90,84,0.004144735843588469,99,0.051076024770736694
163,33,0.004796089064483906,100,0.046458952128887177
131,140,0.003574644637474602,126,0.041529543697834015
121,71,0.008381549210216482,41,0.08765757083892822
213,63,0.009010820166262618,92,0.06417503207921982
200,65,0.009714004483644584,96,0.06852956861257553
109,147,0.0018574528234831609,51,0.04082700237631798
114,40,0.0031179833921895907,127,0.04895346984267235
218,108,0.0029004759539918165,86,0.03849247470498085
199,76,0.002701782634769677,114,0.03787122294306755
133,243,0.0067460336197361845,115,0.058082666248083115
116,89,0.008344015988336189,112,0.06427058577537537
152,163,0.007112985364167806,123,0.05709382891654968
76,233,0.006503622047480528,43,0.08514504879713058
137,57,0.006466963276442528,122,0.05091581866145134
212,128,0.000714790472218423,81,0.050313837826251984
88,110,0.00662052365529778,94,0.06348458677530289
240,89,0.0018968268024669819,33,0.03803223371505737
156,178,0.006721073418775439,112,0.05373309180140495
46,213,0.0005225091431917446,46,0.10166696459054947
231,184,0.008664647220030977,51,0.0868559330701828
236,130,0.003504570292763864,84,0.0430571548640728
98,91,0.006871014536273865,48,0.07150699198246002
58,153,0.004081893865915007,73,0.05851807817816734
115,151,0.00965076565367522,38,0.10576581209897995
202,192,0.0021113311217319493,95,0.036220449954271317
83,89,0.006490457069244357,41,0.08085137605667114
160,80,0.009916574592544216,101,0.07118897885084152
211,115,0.006649213553422652,74,0.05924612283706665
248,44,0.0061371909137924825,108,0.04743137210607529
165,253,0.0012505649049436571,83,0.040404681116342545
200,63,0.0025874325631830915,126,0.03920673951506615
157,112,0.0010415092658762545,106,0.05285613238811493
90,136,0.0089018043810116,66,0.08249106258153915
103,187,0.0007470183640964082,42,0.05166984349489212
134,69,0.0023121050942457176,39,0.04337664321064949
95,114,0.0045761041415838975,54,0.058838941156864166
94,119,0.0005402772482358391,33,0.06481540203094482
74,253,0.008596582160643268,85,0.08127296715974808
115,70,0.002086255148356089,47,0.04497814178466797
224,66,0.005949467977736476,109,0.04758380353450775
61,39,0.007968078355549095,70,1.2697900533676147
236,124,0.007530269990426303,75,0.6916660070419312
97,43,0.004945877992667317,113,1.8177660703659058
93,193,0.0018832631941898925,115,2.1603586673736572
115,228,0.0024368870278132114,74,1.991631031036377
213,154,0.0046397483223044695,68,1.0236455202102661
77,45,0.009488378147204417,47,0.7500839829444885
51,193,0.007869585851038375,76,1.0683966875076294
98,245,0.004763494571839258,49,1.1037659645080566
102,124,0.00945310535231312,35,0.5503538250923157
55,206,0.0006341659867878928,41,2.2503063678741455
82,195,0.0018685465161503532,39,1.9199763536453247
92,220,0.0004147359932707525,35,2.237330436706543
75,133,0.0007038215110913202,75,2.2440035343170166
175,96,0.006287732549988835,48,0.7207136750221252
143,93,0.0034234408758846775,42,1.3603274822235107
54,205,0.002002471008501574,68,2.14363694190979
67,132,0.0043808713208758196,45,1.3444970846176147
48,138,0.0022151483739986056,55,2.117546319961548
171,34,0.005696206120782103,111,1.4666533470153809
231,53,0.008242458323283654,127,0.9442073702812195
191,78,0.0014326434835703905,61,2.024667978286743
230,48,0.0014719059421968955,71,2.026820421218872
102,221,0.005703285759719711,121,1.5563735961914062
171,213,0.008485495450371871,102,0.7565577030181885
138,231,0.005700641811513628,101,1.237151861190796
219,155,0.004484642450418799,61,0.9997351765632629
69,128,0.005305881171866913,40,1.1286765336990356
79,168,0.003629256446664395,128,2.056487798690796
122,221,0.003853881974556657,40,1.080166220664978
232,213,0.007900588976896841,105,0.7257770895957947
183,247,0.004510157617111728,34,0.7130076885223389
180,131,0.008593132493461742,127,0.9175536632537842
147,80,0.00683132421969618,55,0.8688881397247314
212,118,0.0014003552757115652,55,2.0227878093719482
180,69,0.00226607572575758,89,1.9819663763046265
91,209,0.002354950842162905,66,1.96327543258667
164,232,0.009659780808479415,38,0.45879048109054565
103,130,0.004565241364617323,56,1.2348957061767578
254,54,0.005921648465786401,61,0.8048799633979797
54,255,0.00010511191706318291,99,2.287653923034668
154,119,0.007677059502340889,114,0.9762042164802551
251,100,0.00326605124652514,97,1.6204644441604614
168,119,0.006609060201904571,72,0.8221350908279419
48,95,0.0016537293848593031,112,2.225510597229004
157,35,0.007619436228953237,93,1.048328161239624
98,135,0.0012399235713233168,44,2.088193893432617
97,100,0.00036970287721775446,74,2.2935309410095215
239,53,0.004255690139136264,96,1.4989745616912842
220,56,0.0004047591768233399,111,2.2396068572998047
68,207,0.005816749234213066,39,0.9167704582214355
93,218,0.007133572480244498,82,0.9432603716850281
148,241,0.003853788636974467,54,1.1894705295562744
87,71,0.0054403105085657905,107,1.6905401945114136
238,54,0.0022906256095372576,125,1.976102590560913
129,125,0.0044810911631466685,71,1.3513225317001343
49,46,0.005981363771438663,85,1.680614948272705
129,189,0.0006151658248617632,115,2.259812355041504
196,220,0.005060005182104384,57,0.8335779905319214
46,74,0.004879343400557367,53,1.5788096189498901
129,202,0.009505769145587123,33,0.46562403440475464
56,131,0.0063139321118794245,74,1.3670443296432495
227,211,0.0028103784124878482,125,1.8673620223999023
65,100,0.0005128992818167066,96,2.271865129470825
81,176,0.000584032051378511,107,2.2742936611175537
76,254,0.0038345220199157166,111,1.9555245637893677
203,52,0.0011083160734226699,121,2.1816318035125732
155,170,0.005306703356536401,71,1.0965665578842163
144,118,0.006595502047949157,73,0.9762511849403381
112,70,0.0019053127234666613,67,1.997180700302124
186,140,0.007882298879456847,114,0.8942761421203613
235,165,0.0070009111351242315,40,0.516349196434021
36,209,0.0009909077321344126,36,2.22666335105896
111,236,0.007756420105057108,66,0.7512934803962708
236,164,0.006855071516835051,125,0.9722172021865845
147,212,0.00561346484199891,70,0.9435476064682007
182,175,0.0016237606681076373,121,2.0981216430664062
79,167,0.003632065190312688,106,1.9382661581039429
201,68,0.004316626257866774,45,1.0358638763427734
124,108,0.0012220323724069229,94,2.1920833587646484
187,144,0.009461700440380985,110,0.719750702381134
155,236,0.008881140349878256,36,0.4741789400577545
122,181,0.009104358912263247,128,0.9518223404884338
69,160,0.009527067553799343,120,1.0503300428390503
85,196,0.005436614738358216,64,1.212690830230713
53,117,0.008102262747925396,86,1.207406997680664
218,47,0.006184246033118263,44,0.7172002196311951
60,236,0.002189346088296629,59,2.0831425189971924
256,208,0.008575225808446727,92,0.6260223984718323
39,133,0.0036676547629990344,48,1.9661520719528198
165,93,0.0002465527051492287,81,2.28055739402771
99,153,0.005903426679418787,41,0.8355587720870972
72,107,0.000881519119033771,80,2.2418458461761475
93,48,0.004373113688429105,94,1.799334168434143
65,129,0.0011798628728954604,40,2.1577327251434326
182,247,0.0031053377930338262,54,1.3515740633010864
60,213,0.007465327695704899,69,1.1817642450332642
60,183,0.0025347442977616636,43,1.9532440900802612
79,111,0.009333066166477338,83,0.8910688161849976
189,185,0.003432160362049578,114,1.7157901525497437
163,165,0.008256731768392684,96,0.281160831451416
215,203,0.0011171435040421324,44,0.47556114196777344
239,34,0.0008799013179697898,56,0.7328988313674927
127,242,0.001283702926538499,79,0.6361364126205444
165,250,0.0007858000544576027,36,0.5650522112846375
85,94,0.005463956393181293,84,0.32392507791519165
93,102,0.0033757319834273785,42,0.3161659240722656
238,79,0.009879767680895518,105,0.2554289698600769
199,248,0.005982811228643917,105,0.31871652603149414
136,127,0.005900836062955663,121,0.33928796648979187
46,246,0.00852568551960571,88,0.29893064498901367
165,88,0.0006134642693784357,118,1.5306085348129272
164,53,0.007027894168284711,102,0.3024229407310486
254,132,0.004901062482671964,52,0.2730216085910797
191,124,0.006510817635712062,82,0.2856837809085846
177,172,0.0035200906461776067,57,0.3245180547237396
88,238,0.005188848200467726,94,0.342088907957077
193,74,0.0035203278715980964,86,0.3607627749443054
117,158,0.009184523934990014,91,0.2742961645126343
205,50,0.0016778348793575048,92,0.5579691529273987
251,121,0.009274673415475103,116,0.27412548661231995
144,161,0.004490002144856725,35,0.26113757491111755
256,50,0.006012632867263378,126,0.342730849981308
156,204,0.009248002385075258,79,0.248151957988739
78,196,0.00903438074310935,100,0.2813224792480469
99,229,0.008867577745666712,42,0.21735534071922302
67,250,0.0006211839542295693,96,1.8022165298461914
42,186,0.007612427047061988,120,0.3399982452392578
68,168,0.008174567527257124,61,0.2579030394554138
117,183,0.0043098756216133766,55,0.30767562985420227
153,133,0.009553505913324743,87,0.2620028555393219
255,219,0.008847221929400437,110,0.2758032977581024
119,230,0.004284246809159824,56,0.31015753746032715
135,197,0.008374760519493558,71,0.2559346556663513
208,109,0.009415213853595549,33,0.1760059893131256
126,45,0.0030249668644082477,39,0.33098354935646057
223,193,0.008893880631911717,48,0.20934568345546722
171,85,0.00739407314510406,52,0.24540334939956665
133,54,0.0035818162378107757,91,0.37958016991615295
44,172,0.006515164033773785,101,0.3389294147491455
170,217,0.0031946800046956003,44,0.31082868576049805
220,116,0.00022640302661391346,95,2.108286142349243
77,123,0.0025566186078715097,75,0.42275550961494446
228,101,0.0035641926940918963,73,0.3454325199127197
193,235,0.0020207421888335446,59,0.4020824134349823
166,239,0.001914388958816289,95,0.5228532552719116
242,223,0.006695932669454738,113,0.3086192309856415
234,111,0.009815635642766789,115,0.27145588397979736
148,84,0.006429851515871815,118,0.3339919447898865
111,50,0.009395177934850233,84,0.2677135467529297
160,142,0.009496014962542994,50,0.21222075819969177
97,132,0.0030806751813753632,77,0.40702083706855774
169,246,0.006852315898329953,43,0.23057471215724945
173,231,0.0077928708673443885,65,0.24687762558460236
48,103,0.005979976302406723,63,0.30805864930152893
209,100,0.009707680636919246,95,0.26698020100593567
52,96,0.007028801187809662,86,0.3049323856830597
77,171,0.009200425964855938,48,0.22953888773918152
167,56,0.009755179544824938,58,0.21838386356830597
83,180,0.0032829159222254327,85,0.39359551668167114
144,47,0.002412817913024675,106,0.4890482425689697
171,212,0.00461511042095824,124,0.3734103739261627
128,68,0.0035902583320213143,83,0.3717111051082611
240,147,0.0033075248432316243,63,0.32779261469841003
47,159,0.00529243639959767,75,0.3305674195289612
53,76,0.001669193464425315,38,0.44519633054733276
229,156,0.0037960387016391273,48,0.29187890887260437
238,162,0.008357573537622431,124,0.2948826849460602
51,106,0.004537250662109678,87,0.37041375041007996
65,64,0.0004489750492357019,67,1.5715386867523193
54,164,0.0016020432103105448,71,0.5861899256706238
97,161,0.009714227069989508,49,0.23002833127975464
71,221,0.009764517590975708,90,0.27988195419311523
232,79,0.007963463204764758,71,0.258974552154541
160,160,0.0022641930612680877,72,0.4170427620410919
188,213,0.004183698362017627,106,0.3620520234107971
70,32,0.008844236870913444,92,0.30558842420578003
99,207,0.009443388046532074,90,0.2720187306404114
135,149,0.00499371871081937,33,0.2557274401187897
226,212,0.007854573924178838,74,0.2605487108230591
66,181,0.006917266793306422,122,0.3368230164051056
142,189,0.009389658417060296,38,0.19243520498275757
40,156,0.0044120054236377396,44,0.30671823024749756
94,163,0.0049053955354723755,86,0.3412173092365265
252,136,0.0063640771031841644,108,0.30679062008857727
246,251,0.0036515817511581965,107,0.37559303641319275
230,238,0.00016611615748968037,124,2.199082851409912
123,251,0.0075695600390981175,36,0.20966754853725433
82,158,0.006357866123545979,47,0.2678554952144623
240,250,0.005031246861338063,108,0.32901716232299805
226,44,0.004126445393617528,44,0.2874440550804138
201,182,0.005304084702349157,40,0.24431301653385162
89,123,0.009320113707744887,96,0.2781306207180023
68,165,0.009672789665205156,75,0.2610850930213928
152,46,0.005843947133553295,49,0.2672351896762848
209,193,0.008570579299130998,50,0.21378955245018005
158,246,0.00031325031294119325,122,2.133057117462158
144,198,0.006247735925167238,36,0.22738727927207947
199,182,0.0016033234671823271,122,0.6981514096260071
72,77,0.0007620670999207042,64,1.0695115327835083
87,124,0.003091857298589377,114,0.07407522201538086
219,131,0.0022562652312700035,46,0.05018017813563347
198,221,0.005912573412192466,33,0.02652697078883648
89,50,0.007990787935312764,67,0.05032825842499733
189,230,0.0030905191596937824,54,0.04096347838640213
243,116,0.004404284571003369,59,0.03546171635389328
169,123,0.001910053999022878,121,0.0823511928319931
236,143,0.006901395278325458,69,0.028133582323789597
83,45,0.0011836066091158134,38,0.12995292246341705
77,56,0.004074946745258625,73,0.07609046995639801
223,243,0.003996167400397059,116,0.04070485755801201
130,179,0.004652042214146532,104,0.04862150549888611
247,106,0.0007354803085707949,114,0.13222698867321014
32,192,0.0007581700090029965,124,0.23592139780521393
172,92,0.0001238549785579211,43,0.2758297324180603
252,221,0.009988266661013611,66,0.027358708903193474
78,72,0.00955342792010054,52,0.04728779196739197
243,207,0.008057771384504534,48,0.023958034813404083
122,135,0.0018944914836684086,103,0.08720875531435013
112,66,0.005139721432388088,40,0.047649431973695755
153,37,0.002585043754959602,106,0.08254551887512207
141,88,0.004471806152258494,84,0.05252948775887489
47,222,0.00576420982612923,97,0.07218873500823975
122,51,0.003088574745069951,45,0.06134197860956192
106,115,0.0015612809945928848,103,0.1079176589846611
190,165,0.006953146565381936,117,0.033631831407547
196,207,0.008421356771410104,59,0.02922985702753067
152,191,0.009570545554102047,108,0.0351945236325264
184,68,0.003829801096710142,42,0.04207920655608177
202,156,0.005190877407377763,128,0.040763724595308304
245,204,0.0059475811068642305,104,0.03284444659948349
219,185,0.0031164135822520623,94,0.0464152991771698
158,98,0.009889095933339658,59,0.03259557858109474
178,76,0.0032514760719803276,126,0.059611059725284576
230,244,0.003988360853293725,123,0.03981511667370796
199,171,0.008892136618632668,38,0.02584667131304741
221,62,0.006222186077073888,64,0.03221380338072777
183,74,0.006302842652601266,98,0.03905295580625534
32,91,0.005546516772490364,104,0.10368698090314865
179,241,0.003234911244691016,34,0.036632414907217026
38,213,0.001251670237851537,72,0.16170284152030945
50,148,0.0012267256165823636,42,0.1361377239227295
149,40,0.006034951571952444,126,0.056081488728523254
185,66,0.007091741286217005,73,0.03551304340362549
229,245,0.008872928435869573,34,0.02601129561662674
216,185,0.002720085313764486,113,0.05260744318366051
164,40,0.007152152502993326,57,0.040497589856386185
86,99,0.004745398752568205,66,0.05754164233803749
90,42,0.0066598631851834305,59,0.0576329231262207
184,225,0.009385053543977234,63,0.029660774394869804
215,160,0.0021031160313146587,88,0.059199243783950806
226,168,0.0034240239286170543,126,0.047762107104063034
148,183,0.006099458724657276,32,0.03234630078077316
252,114,0.007024112813341897,34,0.02593524195253849
157,177,0.0032578305956934947,46,0.042011044919490814
108,235,0.008805850939818755,37,0.035300977528095245
43,107,0.008236337002972332,95,0.07597218453884125
181,229,0.004719913661879378,122,0.041684556752443314
103,133,0.00988776663737168,109,0.040664467960596085
204,123,0.0008264952269241334,61,0.1084500253200531
152,80,0.005815569426668737,103,0.04580140858888626
82,185,0.004927291140360659,122,0.06507212668657303
243,44,0.003681318193891205,128,0.05673800781369209
171,155,0.007775525597445335,101,0.03278909623622894
100,122,0.006842974692695066,73,0.04803108423948288
187,114,0.0056485906143591055,74,0.03716808184981346
126,209,0.007919903822142478,116,0.040302764624357224
153,209,0.008386146635775573,44,0.03068903274834156
35,69,0.007997138695268613,71,0.0906582698225975
224,67,0.0015959545432729775,119,0.08911919593811035
239,193,0.0027252937688933008,57,0.04039039835333824
208,159,0.0024737891637632223,65,0.049845531582832336
98,105,0.007006122209232443,44,0.04294004291296005
76,98,0.0069872974216160615,53,0.04833178222179413
38,113,0.005765039285662661,97,0.0883207768201828
185,196,0.006514496255446752,45,0.02937617525458336
183,203,0.008592822628685362,110,0.031879011541604996
201,191,0.0016707673471508626,43,0.05838858708739281
165,115,0.006823487562760509,71,0.03589975833892822
205,200,0.008497638181135395,78,0.027071146294474602
190,229,0.005353072743635431,79,0.03248712792992592
246,100,0.008516099712737589,44,0.026774518191814423
106,193,0.0027822927627537694,33,0.0543346107006073
184,237,0.0004861260842441404,58,0.14171360433101654
32,54,0.009062467624301816,90,0.09136565774679184
163,104,0.0058648170456090274,92,0.040335800498723984
250,173,0.004662717007726777,101,0.03430483490228653
248,38,0.006006902974850919,63,0.03612707182765007
32,104,0.004711744578173536,128,0.11350340396165848
53,111,0.00818936325780509,122,0.06813354045152664
39,168,0.007307594162952412,60,0.07237894088029861
64,40,0.0018767022058081043,35,0.1194801852107048
86,95,0.0008017194901947022,48,0.14974594116210938
35,50,0.005422662167387677,127,0.11722293496131897
144,54,0.00331464534976114,87,0.06248820945620537
43,167,0.003785394506225924,119,0.09253782778978348
66,200,0.0005332615303140021,94,0.21527257561683655
86,218,0.000624105333917745,106,0.1900450885295868
117,208,0.0029853160967686972,37,0.0509737990796566
150,133,0.0031631571525369893,109,0.060194265097379684
220,158,0.0022330199253002263,98,0.16330136358737946
189,190,0.009285320997502311,117,0.06392661482095718
253,130,0.006955082267187567,62,0.056549541652202606
128,191,0.009615074751542295,127,0.07789430022239685
200,69,0.009331911825168168,36,0.043148577213287354
80,146,0.0013091080989139795,91,0.24816066026687622
153,82,0.0038318845114029654,34,nan
202,192,0.006466042355123236,52,nan
165,148,0.0032454497300235564,85,0.12877371907234192
196,110,0.007174765829413828,127,0.08196929842233658
148,188,0.006989996905996595,125,0.0949513390660286
135,155,0.00822675659391799,44,0.0565793514251709
128,251,0.005106891475636359,119,0.11629393696784973
239,89,0.006918156857864414,107,nan
226,89,0.009280981335944277,116,0.06201734393835068
152,210,0.009774808855256896,34,0.049214087426662445
214,249,0.006653648015298526,117,nan
166,166,0.00146555380495157,103,0.2137898951768875
165,202,0.002386685677979867,48,0.13286451995372772
43,244,0.005532462727039657,127,0.16521349549293518
67,50,0.004104918899457775,113,0.1685996651649475
181,77,0.006911319576819116,53,0.06057043373584747
176,142,0.008022024651984679,109,0.07358747720718384
126,42,0.00907865191971635,33,0.05772285535931587
162,205,0.007817086433988806,120,0.07855163514614105
234,216,0.007907490097219546,95,0.060763679444789886
170,138,0.002764788638715226,56,nan
145,229,0.00955565354000562,92,0.06421248614788055
74,63,0.004735615233120868,42,0.1093006581068039
239,214,0.0017397075673932878,99,0.1837760955095291
62,241,0.00380160892083431,32,nan
93,101,0.009162137839647339,119,0.09273175150156021
75,243,0.002218077501812793,128,0.22510364651679993
70,54,0.007203837795248941,94,0.1018524318933487
116,78,0.0024731460109777095,69,0.1588837206363678
198,254,0.0040022093804751675,67,nan
153,137,0.004594644406034744,108,0.11315988004207611
50,161,0.0005213777128516217,116,0.43752986192703247
145,255,0.00695503071015164,106,nan
107,212,0.001314099068850043,89,0.23634500801563263
220,214,0.006103525617596524,34,nan
197,38,0.005189084134559529,54,nan
218,202,0.007005985577841612,110,0.07387074828147888
71,136,0.009216964229658708,48,0.07316595315933228
50,168,0.004319679276546795,69,nan
170,207,0.0031029426018366413,113,0.14527380466461182
33,135,0.008479552008328268,92,0.1238488182425499
73,37,0.004960761636164537,56,0.11704736202955246
153,194,0.007365088212458125,110,0.08091277629137039
76,202,0.0014167142587125404,93,0.2521181106567383
225,214,0.0028445813058531576,74,0.12736190855503082
189,254,0.003420664188732383,34,0.08312532305717468
89,182,0.00847063223346849,115,0.09240009635686874
59,120,0.007709867456986954,100,0.11175240576267242
253,186,0.006181464128611588,65,nan
165,170,0.009543166386114039,65,0.05597696080803871
118,91,0.006112243431012304,105,0.09865083545446396
134,92,0.0030056566819434065,114,0.15969325602054596
38,102,0.0054898347933184264,56,0.13525332510471344
128,137,0.009432242200241943,106,0.0731210857629776
120,208,0.0052528198942897305,99,0.11576753854751587
48,195,0.008362178038074763,33,nan
227,53,0.00035367106882107043,74,0.35492417216300964
43,219,0.001481021392832266,88,0.2595045268535614
42,131,0.006676145806895677,117,0.14851896464824677
160,147,0.008945037907117922,72,0.05880368500947952
221,182,0.002108534448996732,86,0.15471184253692627
92,138,0.004290097173282858,48,0.10554779320955276
156,190,0.005039483636136832,45,nan
169,74,0.004965638679410916,60,0.08548880368471146
35,256,0.004166588653673635,61,0.16342061758041382
148,232,0.0039335932082174875,35,nan
252,196,0.00486353478111832,120,0.10017235577106476
39,130,0.007801065676711613,75,0.1194416955113411
132,156,0.0032251505830762656,53,nan
33,88,0.00293455607568184,101,0.23870882391929626
194,213,0.007206809983129967,44,nan
123,206,0.008718231808615686,100,0.07321824878454208
126,188,0.0047052865289957235,122,nan
249,209,0.0034416256830149703,67,nan
148,95,0.005584954058096286,45,0.06948639452457428
201,182,0.0032978969053591165,61,0.10601647198200226
57,200,0.007230388494812092,32,0.08090243488550186
105,65,0.0038254134302036008,102,0.14659951627254486
101,44,0.0034900988110542095,96,0.16161639988422394
223,113,0.006411600381924176,66,nan
230,242,0.004191586572500232,35,0.06746357679367065
57,206,0.00595929530206326,117,0.14330241084098816
195,236,0.0026092618978913198,87,0.1420099437236786
198,145,0.0007908828400029312,69,0.25528356432914734
50,87,0.007199034064060812,125,0.14510641992092133
216,40,0.009835414665753188,123,0.06674709171056747
137,199,0.0034175714586135502,73,0.13100317120552063
244,80,0.0021091619692514153,69,nan
99,39,0.005207522639585694,43,0.09115346521139145
47,81,0.009594175593362257,55,0.09487635642290115
125,235,0.007715697535767125,80,0.0768793523311615
239,194,0.007624034841924516,79,0.05729464814066887
182,63,0.0009414361285152719,81,0.2558070421218872
122,97,0.0014645456188103513,65,0.2108166515827179
129,127,0.0058612919690513845,119,0.05027644708752632
157,253,0.0055798204482465944,99,0.04937087744474411
132,67,0.0045978432345869374,41,0.05821274593472481
32,150,0.003162647102414051,49,0.07507544755935669
122,156,0.007360879275774503,113,0.056627411395311356
224,34,0.008589662840262713,120,0.04964761808514595
97,99,0.0016581168727630973,56,0.04495108500123024
181,114,0.009047630743950538,67,0.07450545579195023
82,39,0.0023172846709448745,120,0.05355822667479515
105,209,0.004277571283338612,76,0.053677741438150406
182,182,0.005829973529477216,86,0.05337785929441452
218,56,0.004632716589295058,112,0.04058808460831642
150,143,0.0004008537967363096,80,0.08832602202892303
74,248,0.0013326194362934553,63,0.05271533876657486
41,125,0.007692746390063813,47,0.0938621386885643
73,60,0.0026622404287652696,96,0.05407853424549103
102,46,0.009702544853690523,41,0.09390559047460556
145,153,0.00787428895914807,106,0.060642655938863754
48,107,0.0005368492370240106,124,0.13830724358558655
75,53,0.0021942525043540636,121,0.06318388134241104
48,211,0.009282998924531145,124,0.0757196769118309
108,61,0.00904373986823609,123,0.059194136410951614
213,225,0.009845347753766276,51,0.0956755131483078
169,221,0.0058294237373646435,112,0.04878721758723259
95,49,0.007604394161484014,40,0.0775955319404602
58,60,0.007614663045378403,63,0.07573450356721878
71,135,0.00980977352959704,57,0.09168056398630142
111,196,0.00435368657758729,33,0.06609179824590683
143,250,0.00035014884628167554,115,0.1074671521782875
215,192,0.0014298482673268539,32,0.03593387454748154
194,82,0.004693444169646854,77,0.045459918677806854
190,148,0.0024348457807116695,114,0.035468436777591705
113,118,0.007136881932587376,67,0.0685436874628067
158,80,0.0063868048574945695,46,0.06663057208061218
115,102,0.0027414578005439385,109,0.04225825518369675
113,146,0.0057411618220553655,41,0.0721198245882988
224,131,0.005669016733145299,96,0.04816330224275589
197,50,0.006067413887113242,112,0.044873081147670746
150,129,0.0017026219834653477,51,0.03817831352353096
143,59,0.0078540162494283,42,0.07836588472127914
178,169,0.0030468352561585014,107,0.03534114360809326
160,87,0.006013559149278682,99,0.0495685376226902
189,86,0.006170347325723096,66,0.060138411819934845
250,98,0.001294824340418871,44,0.031159861013293266
212,66,0.00842314138300656,90,0.056806448847055435
138,105,0.002979393493538368,98,0.04142483323812485
95,73,0.0076391884283587164,86,0.06743647158145905
233,59,0.009909870362454023,91,0.06799463927745819
59,91,0.003271571038986594,77,0.05651647597551346
112,221,0.001026942974361465,56,0.04279939457774162
83,150,0.008325862854174861,47,0.08773680031299591
181,40,0.005372335197823731,62,0.04887592792510986
139,84,0.005652760114303424,49,0.06164337322115898
92,113,0.008873188352817245,86,0.07092419266700745
195,160,0.008495761873910627,84,0.06923212856054306
42,230,0.0057359578824855905,100,0.06446515768766403
252,108,0.0011272487149249846,70,0.03532411530613899
154,50,0.008144360322429458,57,0.0704430639743805
37,227,0.006052019452123714,75,0.07263036072254181
235,83,0.002056897734171173,95,0.031179578974843025
110,119,0.008601510363934688,122,0.05415613576769829
200,170,0.00981370985487351,121,0.06472388654947281
149,132,0.007224434032643318,60,0.07254431396722794
241,74,0.009114501052955915,103,0.05743473768234253
228,132,0.008113458978818813,40,0.08212734013795853
107,155,0.003372314852573494,64,0.043382637202739716
241,217,0.0018396292428809803,35,0.036649126559495926
179,48,0.007264950588498923,45,0.0701770931482315
148,220,0.0002855790427497661,123,0.12614606320858002
34,131,0.004086301505089797,96,0.07120271027088165
175,241,0.002300949559235943,49,0.0418301597237587
219,192,0.006904150973085319,55,0.07131177932024002
168,175,0.002439202288155434,53,0.03872159868478775
173,127,0.00864996583333695,80,0.07386798411607742
92,163,0.001485807992353535,42,0.04497457295656204
166,62,0.005526993887670599,55,0.05589025467634201
60,71,0.0028213584544315028,62,0.05723733454942703
111,123,0.009229490794516173,125,0.06459628790616989
132,79,0.0038577558432639865,44,0.05036184936761856
155,100,0.0016720209407333746,111,0.04108408838510513
97,163,0.009226419099496027,79,0.079074926674366
105,91,0.0022208080497887546,52,0.04428274184465408
61,62,0.006751805155258628,53,0.076387420296669
36,101,0.0038729351282603777,74,0.06975959241390228
192,124,0.009417537631913485,53,0.08710721880197525
91,70,0.0035326910879080508,91,0.0488455593585968
157,145,0.006187489065548326,81,0.057890404015779495
87,148,0.005142599972171131,108,0.05014714598655701
138,59,0.004743115188923554,36,0.05921434238553047
226,92,0.0007407895566976724,96,0.0490938201546669
167,96,0.0021654918071717408,124,0.039543233811855316
81,80,0.004466259574153164,100,0.048853565007448196
256,133,0.003689774666149706,126,0.03506859764456749
215,206,0.003935027517752714,124,0.03724078834056854
145,167,0.008653210949481804,70,0.07292775809764862
68,81,0.009817949044479387,95,0.0752071887254715
230,255,0.0035804546423471445,117,0.03788891062140465
42,213,0.0017320312287592877,82,0.0672527477145195
74,66,0.00982725557962439,111,0.06857846677303314
175,210,0.008254197293435744,69,0.07451457530260086
161,118,0.0010563392156900488,96,2.3019521236419678
43,155,0.0031392149511390703,75,2.3014066219329834
84,207,0.004086610778240032,103,2.301326274871826
176,184,0.0009338809755918929,112,2.302036762237549
133,41,0.0007027112831191259,44,2.3020811080932617
157,209,0.0013828903147638713,92,2.301823377609253
178,193,0.0001266698510642948,102,2.3024888038635254
75,133,0.008778682355683777,81,2.3011910915374756
155,247,0.007437187865546383,115,2.301204204559326
145,56,0.008262230560900795,81,2.3011951446533203
93,219,0.009162554020744612,70,2.3011908531188965
75,226,0.0024044691551064665,124,2.3015708923339844
52,95,0.009381503988273043,85,2.3011927604675293
91,169,0.009678704051059552,59,2.3011887073516846
64,152,0.000815418769934419,45,2.302031993865967
60,143,0.0043650283711214625,69,2.301272392272949
160,38,0.002431119257537374,105,2.301555871963501
106,248,0.0040010618109652014,86,2.3013179302215576
134,180,0.0065942582910746474,84,2.3012099266052246
201,241,0.007005186542656964,125,2.301215887069702
215,253,0.0025792152665390744,124,2.3015377521514893
56,134,0.0034731822782676914,55,2.301332712173462
109,50,0.007051361809322737,54,2.3011960983276367
161,249,0.008690407415632559,70,2.301190137863159
40,68,0.00045022414852511977,58,2.302250862121582
212,127,0.004233172919909006,94,2.301302671432495
159,250,0.00905763601206018,45,2.301187515258789
249,138,0.002831938369224257,49,2.3014073371887207
171,66,0.008679117071800703,32,2.301187753677368
102,249,0.00015289346960246282,106,2.3024725914001465
204,225,0.0008232390037914149,32,2.3020081520080566
242,42,0.009892523443091545,124,2.3011934757232666
75,45,0.0010690787904050413,60,2.3019309043884277
87,191,0.009574532917131902,120,2.3011932373046875
48,93,0.00975748090459356,53,2.30119252204895
113,43,0.0002044946324038541,42,2.302415370941162
90,96,0.006767110778576336,41,2.301197052001953
208,50,0.0012785909125665282,91,2.3018667697906494
188,252,0.0005444118128122035,45,2.3021836280822754
51,225,0.004484193911680288,45,2.3012633323669434
74,254,0.005583042079516966,80,2.3012280464172363
112,66,0.0035171857445482793,81,2.301359176635742
256,236,0.002920718671107274,124,2.3014726638793945
42,180,0.007023946131787175,36,2.3011929988861084
104,33,0.002812798289941679,44,2.301417350769043
84,37,0.0044761175376344465,32,2.301245927810669
37,102,0.003901487108326977,86,2.3013248443603516
144,250,0.00858002577213891,83,2.3011927604675293
44,52,0.003396598321808038,81,2.30136775970459
84,37,0.00436206218244403,56,2.301271438598633
149,175,0.001907562066782031,44,2.3015987873077393
62,149,0.005115503182389598,124,2.301267385482788
35,72,0.002822226205977423,89,2.3014519214630127
204,225,0.004743514720901179,112,2.3012781143188477
59,187,0.003715041451923628,73,2.301328182220459
178,206,0.00010400572618267385,107,2.3025081157684326
232,172,0.007955135364066451,53,2.3011903762817383
198,119,0.004800519937131131,64,2.301252841949463
252,49,0.008264158377886379,99,2.301194190979004
169,36,0.00013875294261021226,112,2.3024847507476807
198,151,0.004573455063342872,76,2.3012757301330566
109,253,0.006824138238527117,84,2.301206588745117
214,174,0.008513026591967463,34,2.3011889457702637
205,60,0.002307732045839796,57,2.301516056060791
72,41,0.005650627199421602,97,2.3012335300445557
110,204,0.002822926387637832,56,2.301422595977783
214,173,0.006439322400292587,53,2.3012027740478516
241,149,0.0016376370910040714,115,2.3017561435699463
98,211,0.0068798074353427115,63,2.301198959350586
96,140,0.005631422395486499,119,2.301241397857666
229,65,0.0001474937236165494,56,2.302466630935669
136,205,0.00831721020023038,119,2.3011984825134277
129,140,0.005154692799045766,46,2.3012304306030273
148,153,0.0037329720949264016,69,2.3013181686401367
203,41,0.001305382247175187,103,2.3018651008605957
117,204,0.0053483686581689855,52,2.3012242317199707
89,173,0.003961226846748544,106,2.301337480545044
150,155,0.007036564940880946,45,2.301196813583374
157,141,0.0027958751219932486,45,2.301417350769043
208,188,0.00786006318687636,53,2.3011929988861084
101,57,0.009285980517993658,48,2.30118989944458
247,216,0.009494352179741967,73,2.301189661026001
134,88,0.0024023567106635983,57,2.3014988899230957
44,196,0.008464461076771637,118,2.301196813583374
172,154,0.00997645188258201,100,2.30119252204895
234,252,0.004192196185348263,100,2.3013031482696533
200,112,0.009126998983311381,103,2.30119252204895
154,107,0.008442238509961307,32,2.30118727684021
219,133,0.009762250461618745,123,2.3011934757232666
80,133,0.002714786250917138,41,2.301419258117676
117,191,0.004394570367832033,86,2.301286220550537
36,192,0.009310235063107375,100,2.3011913299560547
177,58,0.0005079220089090209,47,2.30220890045166
234,256,0.0024837090146375674,76,2.3015084266662598
53,59,0.009858331869312459,111,2.301192045211792
45,135,0.0035525270952341567,61,2.301333427429199
63,200,0.0073504328514707035,43,2.30119252204895
43,53,0.008708514369277083,126,2.3012001514434814
122,143,0.002385677152227966,92,2.3015339374542236
