Convoluted_Layers,Convoluted_Filters,Hidden_Layer1,Hidden_Layer2,Learning_Rate,Batch_Size,Loss
29,3,56,23,0.007689668952291234,127,0.19337426126003265
17,1,42,20,0.0019128491828066848,89,0.887238621711731
21,1,59,21,0.0022224227967992355,38,0.5706301331520081
32,3,46,26,0.004151921901701951,92,0.226781964302063
23,3,61,19,0.007393809950627143,124,0.24165768921375275
28,2,37,30,0.0013901330540655112,41,0.41967540979385376
32,2,36,23,0.006861804053631513,113,0.3187776505947113
24,1,59,26,0.006374199412841577,57,0.44592615962028503
23,3,38,20,0.002099456709164658,75,0.38801491260528564
21,1,56,30,0.008392322539475259,45,0.403791218996048
23,3,40,23,0.004766908045258138,48,0.14698173105716705
20,2,53,16,0.0013618850319754943,36,0.4647238850593567
26,3,36,27,0.007537338550203253,36,0.09669174253940582
16,2,39,31,0.0008433764583942099,65,2.1811885833740234
20,3,35,21,0.008603950633404765,83,0.1678829789161682
20,2,41,29,0.003932614047382152,60,0.29933497309684753
28,3,64,30,0.009299129152329734,84,0.13925042748451233
22,2,62,27,0.0010531182403901098,84,1.546165943145752
27,1,52,31,0.0016036729663920575,92,1.8275831937789917
20,3,39,26,0.004067884980160278,96,0.3127475380897522
32,2,54,32,0.0006731418527516855,97,2.1495490074157715
20,1,57,20,0.00522749951028195,76,0.5401302576065063
26,1,35,28,0.0006316646532499433,86,2.231593132019043
17,2,54,27,0.003879193827466533,56,0.25006183981895447
22,2,50,22,0.0015718324482108309,101,0.7457258701324463
18,2,52,32,0.002072298467561023,40,0.3156483769416809
19,2,59,24,0.005917994333247017,87,0.2799748182296753
27,2,62,32,0.0024171501514109054,99,0.479883074760437
25,1,39,17,0.00493990971912259,121,0.6715525388717651
26,2,49,23,0.008014473057881836,70,0.19166938960552216
24,3,52,29,0.0013763570328441375,78,0.6973866820335388
17,3,55,29,0.006182012304024191,111,0.22176365554332733
20,2,42,18,0.0006249292706165938,36,0.7678331136703491
27,2,59,21,0.0013502099161932343,120,1.458151936531067
29,2,45,24,0.005998613608696337,67,0.2429397851228714
32,2,41,16,0.0027732490378572505,49,0.31397685408592224
16,1,36,18,0.00636481491899477,98,0.5470278263092041
20,1,61,19,0.004868214786809793,68,0.5097332000732422
32,2,53,19,0.007193203657426617,126,0.2976554334163666
17,2,40,25,0.006542578278938205,99,0.3223517835140228
22,1,44,25,0.0027458239789548357,76,0.6172007322311401
22,3,53,21,0.003209735269328672,116,0.33448073267936707
25,2,40,22,0.0055512955483605735,113,0.32619449496269226
31,1,53,30,0.002063732687169526,67,0.8369351625442505
20,1,55,21,0.006893896539123158,48,0.40810707211494446
27,2,40,24,0.007261150580365626,58,0.16426348686218262
28,2,48,30,0.0036274916809497953,82,0.34624460339546204
16,1,64,27,0.007192562576608884,88,0.5059268474578857
31,1,39,16,0.006159938742978901,114,0.5623526573181152
29,2,32,26,0.0022527882957223576,33,0.30819615721702576
25,1,44,27,0.00916127418922569,124,0.5059492588043213
20,3,53,29,0.0009476246526792264,73,1.1227827072143555
28,2,48,23,0.00970214400736237,127,0.26183003187179565
25,2,33,25,0.004107089046229093,115,0.38314539194107056
25,3,52,28,0.0009002666394162526,40,0.36147594451904297
28,3,50,17,0.008707052100881693,61,0.1243693083524704
28,2,39,30,0.0060140474034782974,52,0.1802636682987213
31,3,44,25,0.008598207926146356,80,0.1366860419511795
23,1,37,28,0.003454292317297416,127,0.6501845121383667
17,3,62,28,0.001994602018716125,100,0.4397944211959839
19,2,44,18,0.0010943270208143435,70,1.0650819540023804
26,3,49,26,0.009606049102770266,42,0.09913918375968933
32,3,52,31,0.007429339432294186,64,0.14165394008159637
29,1,39,26,0.005595241943878028,83,0.5545757412910461
21,1,49,16,0.0006799175618769286,87,2.2206637859344482
27,1,33,31,0.002103690855769423,99,2.000293254852295
21,3,61,22,0.0012910717954214904,98,1.1824548244476318
30,1,49,30,0.006992604834340071,60,0.44170039892196655
21,3,40,18,0.009755463681048397,66,0.12671901285648346
31,2,58,25,0.004979942271432261,81,0.26556769013404846
27,2,63,18,0.009453356203922519,94,0.1967850625514984
26,1,58,25,0.0057010090511529716,56,0.4684973657131195
18,2,59,28,0.004410850530116008,57,0.2284700870513916
29,2,60,29,0.0032787003099895595,64,0.31398531794548035
31,1,34,18,0.005933290818520533,81,0.536763072013855
32,3,40,28,0.009711216764171353,72,0.12520061433315277
23,1,40,24,0.007784633822074419,79,0.4764813482761383
19,2,44,17,0.00018764505484580233,112,2.289163827896118
27,2,36,19,0.0021157361955313134,102,0.8713871240615845
26,3,54,23,0.007518133960127853,100,0.19218504428863525
25,2,45,31,0.0018116356288816423,78,0.4710811972618103
16,2,61,18,0.008433470582730458,94,0.20655778050422668
29,2,50,22,0.009428824472218437,112,0.22714249789714813
29,3,38,26,0.006757424540128955,101,0.23901431262493134
30,3,63,32,0.006232268077819551,84,0.17560870945453644
29,1,43,26,0.007916909028516415,96,0.49528685212135315
22,2,48,32,0.0021784047274490993,51,0.36014020442962646
21,1,59,29,0.006569870249108802,44,0.42014339566230774
22,1,43,30,0.007171061160966655,125,0.5405078530311584
20,1,57,24,0.006058771584171169,55,0.4492599070072174
30,2,49,31,0.007476458865366492,123,0.30904972553253174
26,1,62,29,0.009764152874247046,93,0.4622235596179962
25,2,33,26,0.008253474248080754,62,0.18242131173610687
30,2,44,32,0.00818095152521576,119,0.26337024569511414
28,2,40,28,0.005134149745747484,121,0.34859174489974976
29,3,62,24,0.0036250838748427116,58,0.19984808564186096
17,3,53,20,0.00747703274394219,56,0.12266033887863159
27,3,63,27,0.0018746989920308923,75,0.3632309138774872
21,1,37,16,0.0008206045907416819,89,2.262265920639038
27,2,46,25,0.00035557160331606724,94,2.234877824783325
28,2,39,21,0.006395147118322671,60,0.04992504417896271
17,3,56,16,0.0003068521185011123,99,0.08993644267320633
24,2,57,21,0.005012831003680752,86,0.03730446845293045
23,2,54,29,0.0011612981580669444,47,0.03631724789738655
17,2,55,24,0.0062854393225148,87,0.039286211133003235
23,3,45,25,0.007848839262502218,44,0.07999900728464127
20,1,36,20,0.00030361460832567354,78,0.39075857400894165
17,3,59,30,0.0019192707941717015,88,0.029044147580862045
20,1,42,27,0.004903233727226657,79,0.21847811341285706
16,1,32,23,0.004083930661135362,49,0.26513198018074036
19,2,49,21,0.008571610743565694,122,0.044119615107774734
31,2,63,31,0.006305600872056663,41,0.06387609243392944
30,3,53,32,0.006039228953284383,63,0.0431048721075058
25,3,58,19,0.0025806960199861104,124,0.024855514988303185
32,2,54,27,0.006012589681293937,65,0.04181625694036484
32,1,37,21,0.00013047943441778958,127,0.49710556864738464
30,1,54,31,0.0063466292145467765,40,0.3284948468208313
18,2,40,17,0.0023465356200767376,97,0.03431704640388489
23,3,45,17,0.00294813493900696,74,0.029277674853801727
32,2,43,28,0.009187507840256012,113,0.04956177994608879
25,2,53,22,0.009626140216805799,127,0.04990470036864281
27,2,43,29,0.009857635850412966,82,0.06411482393741608
29,1,54,23,0.0020930508209364177,69,0.18498168885707855
27,2,52,20,0.006199548003897704,54,0.05145156383514404
31,2,36,24,0.005519576176175997,107,0.03719445317983627
30,2,43,27,0.002766933206695337,60,0.03233952820301056
32,2,37,24,0.0037748546352483663,45,0.03739527612924576
20,1,56,25,0.0075910427469287846,128,0.20852376520633698
26,3,34,21,0.003678440683945358,34,0.044793371111154556
20,3,49,22,0.008311574418740874,54,0.0675855204463005
31,3,48,25,0.006860788949096915,125,0.03642875701189041
25,1,46,30,0.0006820356003380067,118,0.3117823302745819
16,2,55,16,0.001279022381227949,80,0.04172397404909134
23,3,62,29,0.0022856073940887255,110,0.02444431185722351
24,1,39,19,0.009684552097453203,75,0.352774053812027
29,3,40,16,0.0005337256292255384,127,0.062170885503292084
31,1,44,32,0.007869776834472165,103,0.3439595103263855
28,1,49,17,0.009632148230466086,69,0.342619925737381
31,1,51,31,0.006823116204146424,50,0.338670939207077
22,3,58,16,0.004666218596621734,94,0.030370274558663368
26,1,48,28,0.0028946230143149882,115,0.20778729021549225
28,2,62,31,0.003030799363669551,124,0.026841850951313972
26,1,55,27,0.007244728707878451,82,0.3418254256248474
28,2,38,29,0.004915106128284223,88,0.03478701040148735
24,1,51,31,0.006078083620074885,113,0.2209620624780655
18,2,33,19,0.0072886295793488706,98,0.04715331271290779
19,3,50,27,0.004676088863683836,33,0.06011724844574928
24,2,45,29,0.0015958918292272503,104,0.03669191896915436
24,3,55,17,0.0012699847141936316,99,0.03071339800953865
18,2,56,28,0.008072013361810891,66,0.05937493219971657
17,3,62,16,0.003532478504305276,95,0.028580106794834137
27,2,37,18,0.006526577270780515,109,0.04025332257151604
16,1,60,32,0.009312506838400108,60,0.3317287564277649
29,2,51,31,0.00396076230499121,58,0.03553667664527893
26,3,41,18,0.003781099979231719,35,0.044961705803871155
31,3,64,19,0.0041559536982328175,101,0.025015098974108696
28,3,54,20,0.0025358840361106322,76,0.02402782067656517
22,2,62,30,0.007328526962406671,124,0.0378807932138443
25,2,39,32,0.0057751786750925545,109,0.034858670085668564
17,1,45,20,0.009644072620051227,94,0.33885160088539124
26,2,46,20,0.006059348642848059,59,0.04765190929174423
19,1,32,31,0.007755092917914558,117,0.31525444984436035
22,1,40,24,0.0037141922217047226,71,0.2736315131187439
25,3,57,26,0.0031004208530383682,40,0.03343126177787781
29,3,63,28,0.005771406433263443,76,0.038400303572416306
25,2,53,27,0.0008319395037221594,125,0.055764563381671906
17,3,61,28,0.007440360694371941,111,0.040920693427324295
24,3,49,25,0.0020191928790126374,39,0.028159843757748604
31,3,57,19,0.007584192416219664,36,0.08918406069278717
17,2,60,31,0.004205408219189629,56,0.03656662628054619
28,2,38,30,0.003438346280580426,115,0.031157564371824265
30,1,32,16,0.0037780026087645526,32,0.25181999802589417
25,1,56,25,0.005942392396539942,107,0.21877776086330414
20,2,39,30,0.0020403831387630143,112,0.04003329575061798
18,2,39,23,0.0013039043411088313,94,0.046450015157461166
21,1,48,19,0.008589841427392811,42,0.3551732301712036
16,2,64,25,0.00037766597021754683,117,0.10140708088874817
23,1,61,24,0.00094479787593622,82,0.25260236859321594
30,3,36,29,0.0019677383423494874,43,0.026873091235756874
27,2,55,16,0.00814064704480513,76,0.05412209779024124
23,3,55,29,0.004979502062382216,80,0.03227287158370018
18,2,40,22,0.005551888119205834,58,0.04612623527646065
17,2,41,21,0.009142935592693356,93,0.05364713445305824
18,2,56,32,0.003984791194534741,100,0.03659310191869736
21,3,56,17,0.0008754317153585425,74,0.03983096405863762
29,3,37,27,0.002353642985244577,45,0.02897987700998783
32,2,57,16,0.0018399366528177254,59,0.02768458053469658
32,1,41,30,0.005489148198630512,69,0.3360369801521301
23,2,39,30,0.004165282608664349,121,0.03100072406232357
22,2,57,25,0.005570467560235163,107,0.03450333699584007
20,1,50,23,0.00648363295995786,87,0.21421189606189728
23,3,63,20,0.001060790232664561,39,0.03023531287908554
20,3,41,31,0.004553595872317073,93,0.03199256956577301
26,3,49,31,0.00894184603563038,58,0.0802258774638176
17,2,35,18,0.005890718730461597,125,0.036572445183992386
31,3,51,29,0.005165862984899921,88,0.03360950946807861
23,2,32,19,0.00039876090203457465,70,0.07501717656850815
19,3,57,29,0.008944906104862718,112,0.04562715068459511
27,2,53,30,0.004327565843905301,47,0.038469623774290085
25,2,52,20,0.008809151189176532,57,0.07133965194225311
19,2,63,16,0.0055370431643258205,44,0.03961667791008949
30,3,58,20,0.009508470002601212,98,0.044607341289520264
18,1,62,20,0.006687060744276876,121,0.25004008412361145
30,2,51,25,0.0004023300811403095,120,0.06800826638936996
23,1,36,26,0.003541316101594027,98,0.26966410875320435
26,3,50,31,0.002687876107311264,87,0.02827243134379387
27,3,45,32,0.009436497857384556,92,0.046133097261190414
20,1,54,18,0.005155488543616223,37,0.31229496002197266
28,3,54,17,0.00639677427038479,73,0.03416047617793083
25,2,49,31,0.008758829772992718,109,0.050851792097091675
17,3,59,19,0.005672394616221547,99,0.03465482220053673
23,1,44,32,0.007461247675495266,122,0.3107454776763916
17,3,34,30,0.0016782310105420025,64,0.03736754134297371
30,3,33,26,0.003804043473258998,54,0.03143230825662613
32,3,43,21,0.001603916230741428,124,0.03054259903728962
31,2,35,28,0.00809549189443467,45,0.05679373815655708
19,3,47,32,0.0008348789058451022,32,0.03336700052022934
32,2,59,18,0.00629514626193827,72,0.035641659051179886
21,3,51,20,0.00896368964606422,103,0.04001511260867119
27,3,46,30,0.0014465889218741985,41,0.026326023042201996
30,1,41,22,0.00379568876834796,67,0.23755522072315216
24,2,50,29,0.0010707311258586123,113,0.04919480159878731
21,2,33,17,0.005005534501370841,53,0.04399479553103447
31,3,41,20,0.003490494173281174,51,0.026875704526901245
30,2,39,19,0.004502705633786581,123,0.03027307242155075
31,1,45,27,0.004925987765689567,119,0.20850476622581482
24,1,44,28,0.006761659402943818,59,0.26000240445137024
28,2,59,17,0.003491786228765253,53,0.03184622526168823
30,2,53,31,0.0010698674080167792,42,0.02981693483889103
18,3,33,20,0.0032651832902330373,40,0.03746857866644859
19,1,52,24,0.004414916475131119,38,0.2447524517774582
31,1,64,20,0.009874496734194846,92,0.3093774616718292
28,2,38,24,0.007568160269279416,66,0.047554194927215576
31,2,38,24,0.0024239567655732945,122,0.035621389746665955
26,3,62,20,0.003749248019897714,104,0.028311248868703842
25,2,51,22,0.005339255622430253,55,0.038500670343637466
26,1,53,20,0.00829018374589621,46,0.3180040717124939
22,1,43,23,0.009426750732537851,75,0.2640385329723358
17,1,44,22,0.0004510676558079413,80,0.3410605788230896
26,3,38,23,0.007213331368567313,85,0.039238471537828445
31,3,64,28,0.008182027868894593,48,0.04677041247487068
16,2,41,20,0.000671606820151265,74,0.07074276357889175
29,1,40,28,0.0025267074668367806,32,0.20090991258621216
23,3,62,27,0.002068805053998209,96,0.03044111095368862
28,2,51,16,0.0018326068516823096,38,0.0325925350189209
30,1,49,32,0.0007353857180992771,94,0.2786382734775543
29,3,38,30,0.007043497268664699,57,0.04549381881952286
30,2,41,28,0.0041597767313779396,120,0.035154588520526886
21,2,57,17,0.0003719539385913457,47,0.059095390141010284
29,3,61,20,0.001326329012916087,117,0.031837526708841324
16,2,64,18,0.004114970172940865,106,0.031951457262039185
17,3,43,18,0.0003983914426495977,116,0.08595170825719833
25,2,34,16,0.0010236407758147917,44,0.047823868691921234
17,3,47,17,0.008841071274933662,125,0.04195614159107208
26,2,37,26,0.007488279304031969,123,0.04084941744804382
16,3,60,19,0.007597356319862852,68,0.04235603287816048
26,2,41,20,0.005181312883933888,69,0.03629862144589424
21,1,32,16,0.008604881383561584,111,0.24602676928043365
30,2,64,28,0.008327948876445763,82,0.03757762163877487
23,3,39,24,0.008481497693444136,44,0.055361926555633545
17,1,40,27,0.006616255509962863,99,0.25042223930358887
26,1,64,19,0.007160715299518224,34,0.24947255849838257
30,1,60,21,0.0017527792367892944,80,0.2447786182165146
29,3,59,24,0.0030535081964092586,59,0.028012912720441818
24,1,60,31,0.009043130561378683,32,0.33515146374702454
24,2,33,18,0.006221718426992638,38,0.05290509760379791
20,3,48,28,0.008283704199611903,125,0.03677712008357048
20,3,32,23,0.0007050567640664918,91,0.05508894845843315
16,3,42,16,0.0015707752138900911,76,0.03919346258044243
26,1,35,20,0.007711548802568955,87,0.23115430772304535
28,2,45,18,0.004624262950022026,120,0.035260602831840515
16,3,57,31,0.006558595946738614,90,0.04176006838679314
16,1,62,16,0.005417845998316459,87,0.253716379404068
19,1,43,27,0.002755480911223094,91,0.24976269900798798
27,2,47,29,0.008782158706805725,65,0.047717053443193436
26,2,39,17,0.009028058264900907,37,0.058086097240448
29,3,45,23,0.009285399905960917,126,0.03970494866371155
17,2,46,32,0.007336486003396417,96,0.041933029890060425
24,1,53,16,0.004003559749454014,83,0.24782754480838776
18,2,36,18,0.001379858060027558,40,0.04674423113465309
23,2,59,23,0.00901788864503167,55,0.05328779295086861
20,2,55,22,0.006787616205085525,71,0.04343161731958389
18,1,41,22,0.0031763057646346468,123,0.21275973320007324
16,1,54,23,0.004030000141868713,117,0.34263747930526733
32,1,62,30,0.008923020352954591,49,0.2585051357746124
19,3,61,27,0.0015886851722582845,73,0.03591759875416756
20,3,62,26,0.006248176586899296,121,0.03206325322389603
30,3,48,23,0.0010652522284844903,124,0.03978336229920387
16,3,40,30,0.00039651212822066045,122,0.0727614089846611
30,2,35,21,0.006259023426877825,78,0.040831536054611206
27,3,34,21,0.009739954492120853,69,0.05462416261434555
21,2,35,27,0.008167973262496466,83,0.04782608896493912
17,1,56,20,0.007716954796954011,70,0.24786971509456635
24,1,36,27,0.006511731459124017,43,0.23539131879806519
18,2,45,20,0.009131234874313563,48,0.058846231549978256
30,3,32,18,0.006412076394848317,100,0.0372471921145916
24,2,53,23,0.008986927459818229,60,0.05075288936495781
32,3,37,18,0.002578569117251037,32,0.029578914865851402
29,3,59,28,0.00892112452494112,111,0.039803218096494675
28,1,61,19,0.008322473213757614,119,0.3184412121772766
19,1,47,22,0.004602466610064618,102,0.2528993487358093
27,2,58,29,0.001603983638829367,68,0.030247293412685394
18,2,47,28,0.0055378474107939555,80,0.03751718997955322
19,1,58,19,0.006830170454365703,85,0.24944467842578888
18,3,35,30,0.003480579293216726,38,0.037661101669073105
23,2,32,30,0.00876642873774999,128,0.04363385587930679
24,1,46,28,0.004009184375941281,99,0.205349862575531
17,3,56,16,0.00441906457191187,71,0.03326759859919548
24,1,63,26,0.00853506268715452,52,0.3135504126548767
32,1,58,27,0.0015838186643516684,90,0.24340301752090454
18,3,55,18,0.009765057800551766,95,0.04515279456973076
18,3,52,29,0.007440364229874027,54,0.05119689926505089
23,3,44,20,0.0017825417001527026,40,0.0301774013787508
16,3,42,17,0.005934918504161885,117,0.03897755965590477
30,1,55,16,0.004633711342212191,47,0.1951875388622284
31,3,55,30,0.006299419521504188,72,0.03629819676280022
17,1,46,24,0.004117077209306663,34,0.21124781668186188
18,3,53,21,0.00900083823674933,64,0.04903196543455124
18,2,51,20,0.009025869031289279,117,0.043842751532793045
31,3,50,16,0.0019686792187841528,100,0.028607575222849846
31,1,38,26,0.0020479090211449713,82,0.22074492275714874
27,1,59,27,0.0007151945077464465,94,0.2865251302719116
24,1,35,17,0.00678276385021465,118,0.23688171803951263
22,2,58,32,0.0006503355802800392,89,0.050417978316545486
32,2,51,32,0.0005184736801743721,109,0.0611744225025177
22,1,41,30,0.008116664674210863,50,0.22547279298305511
23,1,36,17,0.0049258403742280755,115,0.22099344432353973
26,1,47,17,0.003778611602579275,53,0.20084184408187866
31,2,52,32,0.006273379623216158,69,0.03863292559981346
28,3,63,20,0.0036962842271923064,41,0.03221626952290535
17,2,53,31,0.007641600135640997,78,0.042711805552244186
16,2,64,27,0.008139254328300403,99,0.04152286425232887
25,3,46,19,0.007419567936074693,126,0.03345726430416107
16,2,44,31,0.005197634400965863,67,0.043469544500112534
25,1,61,19,0.008226713298385589,39,0.2597205638885498
31,1,51,23,0.0034860871375794636,50,0.24074584245681763
30,2,47,29,0.00953396649421793,101,0.04493458569049835
26,1,59,26,0.00921017943628217,51,0.2649538516998291
22,1,45,17,0.00398409177158321,51,0.2184843271970749
29,3,56,25,0.004186628388597228,54,0.03148414194583893
22,1,62,26,0.0077558090809760494,107,0.25586092472076416
18,2,52,23,0.005124405002611321,39,0.046615760773420334
24,2,40,20,0.008246570665424797,121,0.0396493598818779
23,3,40,17,0.006818364370871795,112,0.03529464453458786
32,1,58,24,0.006876489939033599,115,0.25304660201072693
32,2,43,27,0.009427355089211283,59,0.04943288117647171
22,1,43,29,0.005439848357203603,128,0.20595498383045197
29,3,51,23,0.004133334500291302,80,0.028269130736589432
29,1,38,23,0.005480830804931317,125,0.22952088713645935
31,1,49,16,0.006373814670866082,37,0.2950979769229889
28,3,55,18,0.00946536931952002,106,0.041167907416820526
24,3,52,29,0.006433833536383375,118,0.03110007755458355
32,3,64,23,0.00603932283942833,119,0.0291530042886734
18,2,37,16,0.0017974544791553922,45,0.04376128315925598
29,2,45,19,0.004181218138577386,46,0.03526821359992027
18,3,56,21,0.0018819900977581204,127,0.0387992300093174
17,2,63,26,0.00828426818439915,83,0.046413976699113846
20,1,40,24,0.007106368840480091,63,0.2628677487373352
21,3,46,26,0.006442571400171254,62,0.04062027856707573
23,3,48,32,0.009694055420536422,102,0.04552599415183067
25,3,33,18,0.006359391039962026,38,0.047176722437143326
32,3,38,16,0.00678149833606197,91,0.03414466232061386
22,1,32,31,0.006504702217268491,38,0.2785181403160095
19,2,55,26,0.003962896146068031,36,0.0389382429420948
32,1,35,27,0.008271025400785111,119,0.34808024764060974
28,1,34,23,0.007701267904473581,104,0.2654848098754883
23,3,63,26,0.003832572774624959,111,0.029003646224737167
30,1,46,30,0.004010919221234605,39,0.21487538516521454
24,3,50,21,0.008515967071873043,71,0.043132390826940536
27,1,38,16,0.000845459406309796,56,0.2872809171676636
27,3,47,32,0.0088661616805143,55,0.05325476825237274
20,2,38,21,0.008458602903590002,47,0.056779272854328156
25,1,42,26,0.0075106089339839555,63,0.29934418201446533
23,3,57,16,0.0014257010933621122,56,0.03141911327838898
29,3,41,27,0.009493053134219453,120,0.03960949182510376
20,3,46,24,0.005560084207004889,76,0.035365473479032516
29,2,59,20,0.007671785316852718,96,0.03911321610212326
29,2,59,32,0.004134823513995992,39,0.036731548607349396
23,3,36,29,0.005767111578740526,63,0.03870195150375366
17,1,49,30,0.0020388871765969073,47,0.23675258457660675
17,2,42,24,0.0001718916659082391,74,0.1620924323797226
23,3,59,20,0.0036715017437232798,93,0.02777077443897724
19,2,32,29,0.0015858154086095374,116,0.051408715546131134
28,2,49,21,0.0006981377510133298,42,0.04822451248764992
17,3,53,30,0.007414371502369041,70,0.04502575844526291
20,2,40,24,0.0071498954467940565,37,0.05568704009056091
17,1,36,31,0.006523604175181457,107,0.2524622678756714
29,2,45,19,0.00927577783376112,62,0.05256223306059837
22,1,34,18,0.006484635004917255,121,0.29158738255500793
23,1,44,18,0.001993683324830348,85,0.26513174176216125
17,1,32,18,0.008945838134943767,72,0.28862011432647705
18,2,61,22,0.0031778718778910906,36,0.03697049990296364
21,1,46,22,0.006739487767404548,119,0.2080511897802353
32,1,62,23,0.0015121158203134132,38,0.24573677778244019
22,2,56,23,0.0046016174201760065,45,0.0365324430167675
29,1,52,19,0.0005428446991924394,61,0.28941527009010315
19,2,60,25,0.009016419785088749,90,0.04611379653215408
32,3,42,32,0.009921528702935667,96,0.04723565652966499
32,3,55,16,0.006391890789330697,93,0.03141927719116211
27,1,63,27,0.0022680941212282844,83,0.2299642115831375
31,3,45,24,0.003900578631733448,51,1.1145204305648804
28,1,56,31,0.007118067746376091,61,1.137482762336731
22,2,60,25,0.0015855797523747462,47,2.1433534622192383
19,3,59,29,0.006880684406740005,84,1.1008905172348022
20,2,56,19,0.003144336300916353,87,2.0638227462768555
23,3,33,26,0.0069530496508249315,59,0.7881746888160706
30,2,49,23,0.0042886051145206204,120,1.8608996868133545
18,3,62,26,0.00608784030079629,60,0.8187222480773926
27,1,45,18,0.005952140695982301,124,1.8850926160812378
20,3,50,32,0.0011857103121677617,93,2.2424511909484863
26,1,61,31,0.008004842478178772,67,1.3818670511245728
28,1,33,21,0.008248840697494939,85,1.6186740398406982
31,2,52,28,0.005967783323776939,50,0.807852566242218
26,2,42,24,0.0014396291644129173,47,2.251058340072632
30,1,44,27,0.009883490902374045,93,1.1106122732162476
16,3,37,31,0.0028004450024853725,36,1.733937382698059
24,3,38,23,0.0011508725174554544,114,2.2691214084625244
26,1,51,31,0.0016550108254591066,59,2.2228126525878906
19,3,37,32,0.006573419674908782,98,1.3491544723510742
18,3,34,24,0.0046728587156466715,106,2.104731798171997
25,1,44,20,0.005542927716395684,52,1.6859307289123535
24,1,41,26,0.009139600859650954,121,1.667962670326233
26,1,63,31,0.004618341735283028,59,1.8325495719909668
20,1,52,22,0.008302470224454678,38,1.3333653211593628
27,3,42,17,0.0036651122983761865,90,1.8914939165115356
22,1,60,26,0.007546380702612768,56,1.107465386390686
24,2,35,19,0.007152478882786407,58,0.9158704876899719
22,1,33,29,0.003206147042408403,115,2.228548288345337
29,3,57,22,0.007923394930978983,99,0.6706914305686951
17,1,39,30,0.001305003391207598,107,2.2882111072540283
32,1,64,17,0.00507808429454877,101,1.7896888256072998
22,2,58,16,0.006207474131896135,122,1.2634334564208984
28,1,44,29,0.0032625662931148078,63,2.119678497314453
21,1,64,16,0.004821324775966915,50,1.9680235385894775
26,1,38,28,0.005430995496848229,81,1.7255558967590332
24,1,58,32,0.001830831924238701,64,2.164578437805176
21,3,34,30,0.0017380376236391139,126,2.24418044090271
28,2,40,24,0.006072820414928293,94,1.2785767316818237
18,1,50,18,0.0026176434136124306,69,2.1390137672424316
24,1,46,17,0.007324632151855319,36,1.4662959575653076
29,3,39,22,0.00464435309073426,117,1.4311350584030151
19,2,41,32,0.004310181469058785,111,1.9591602087020874
32,3,57,31,0.005464127824046012,51,0.8147063255310059
19,1,39,32,0.008849805562707985,97,1.6579862833023071
24,1,38,22,0.00874708615893497,82,1.3457796573638916
17,2,61,32,0.0014990864425433134,41,2.185969352722168
26,3,49,29,0.005508415809567301,84,0.8783902525901794
20,1,38,25,0.005442505330841397,115,2.1011576652526855
20,1,40,18,0.0012404849528669824,64,2.2680106163024902
17,2,59,18,0.0022002055936106227,73,2.1491963863372803
23,2,42,17,0.008655265560210974,32,0.70297771692276
23,2,62,25,0.00023404531598410547,115,2.282651662826538
30,3,58,32,0.0025829184761903233,66,1.9600398540496826
30,3,37,27,0.002234621559958765,56,1.9050788879394531
25,1,52,24,0.0012844629718604186,122,2.2509043216705322
26,2,40,31,0.005640459691753429,121,1.7460108995437622
16,1,38,16,0.002069141495704529,88,2.2402617931365967
23,3,43,22,0.004144290137203966,105,1.8568522930145264
32,1,60,23,0.00554567246365632,66,1.5721409320831299
32,3,37,29,0.00353074978800756,50,1.472747564315796
19,3,63,26,0.007012387595401327,85,0.8167388439178467
17,2,52,32,0.0067192979104222054,55,0.7448880672454834
24,2,50,21,0.0017991985488380558,93,2.1759414672851562
21,2,54,31,0.0026944425623998546,124,2.178541421890259
25,2,35,22,0.0059890648825177,93,1.8598535060882568
17,3,45,21,0.001195211514214617,38,2.2118988037109375
25,1,47,32,0.003533345761569356,41,1.8665300607681274
17,3,46,31,0.008336574684138757,123,0.8472855687141418
22,1,57,18,0.005064709327351425,79,2.125504970550537
32,3,58,23,0.006022753625931867,75,0.6777895092964172
23,3,45,27,0.007778600204095032,34,0.4577861428260803
32,2,34,19,0.0008479051265447796,39,2.226067543029785
29,2,37,23,0.009824369206110059,56,0.592549204826355
24,3,62,16,0.007796727896003239,105,0.7153320908546448
20,3,36,24,0.009831972464849736,122,0.8243696689605713
29,2,50,27,0.006254089218958303,125,1.191890001296997
23,2,56,24,0.004405931573122116,70,1.5342729091644287
27,1,53,16,0.003268057709959826,78,2.0868136882781982
31,3,56,29,0.005549146292004895,65,0.837598443031311
20,2,34,19,0.0025977183599972175,126,2.2182536125183105
30,2,57,18,0.005039063141525389,93,1.6294386386871338
25,1,54,27,0.008473483846901577,56,1.273689866065979
29,3,60,30,0.006349498221751973,32,0.4519578218460083
27,1,33,26,0.004696320311498672,108,2.1657891273498535
18,3,45,16,0.004250882327491045,96,1.9108701944351196
16,1,62,30,0.008044820840684775,54,1.288393497467041
29,3,59,32,0.0032415361065136297,84,1.6338261365890503
27,3,59,20,0.0046046872128862725,69,1.1404296159744263
25,2,35,29,0.00012359954315429198,35,2.301853656768799
27,3,54,23,0.009736940047729292,64,0.4373171627521515
19,2,39,27,0.007997550441273102,36,0.6800404787063599
31,3,45,32,0.0015472823411612593,121,2.2026615142822266
19,2,59,28,0.005359828975455239,108,1.8666630983352661
28,1,32,25,0.007457436354329518,107,1.9677612781524658
23,3,35,29,0.0075469400769257134,76,0.8479325771331787
16,3,51,20,0.005944261903793434,37,1.0225454568862915
25,2,53,31,0.0011259682699666556,127,2.271153211593628
25,2,47,20,0.00036175553630062013,79,2.280416250228882
22,3,59,22,0.00836535168354868,125,1.0818513631820679
22,1,41,22,0.006121299606498536,44,0.447021484375
17,2,55,24,0.004930960768012486,115,0.2511032223701477
32,1,39,24,0.0005006351901663207,121,2.018253803253174
19,2,41,28,0.0071388162631409475,46,0.14974097907543182
20,3,40,26,0.00024135512557040798,92,2.1244685649871826
23,3,56,28,0.005812404223836368,73,0.13248226046562195
22,3,33,22,0.006198415868230919,34,0.10472380369901657
29,1,34,26,0.004338212570906797,88,0.5281298160552979
22,3,55,27,0.0054033613543799435,52,0.1116868257522583
18,2,32,20,0.0052970649967111144,120,0.25608277320861816
19,1,58,22,0.007173990526168421,101,0.47791191935539246
19,2,63,32,0.0021141419565158634,70,0.32244807481765747
29,1,35,28,0.005017146259793215,41,0.41719573736190796
31,2,53,19,0.003261055026655989,53,0.2432176172733307
20,3,51,31,0.0052319700181231235,44,0.12998953461647034
18,1,38,21,0.00021694333617612658,63,2.272810697555542
18,3,54,32,0.003993934985382449,123,0.25491058826446533
26,3,60,22,0.008748980596561822,60,0.0852431133389473
18,3,42,19,0.0003445876093394985,67,1.6876909732818604
22,3,63,22,0.002992706930663669,126,0.2319909632205963
27,2,37,29,0.005027120490364215,98,0.239359050989151
24,1,37,22,0.009634870176390942,89,0.412728875875473
24,2,37,31,0.007658553946976312,50,0.12253572791814804
26,1,46,22,0.008503723730229387,89,0.4092860817909241
23,3,59,31,0.009259806581171105,118,0.11116191744804382
28,1,60,16,0.0012078761729111406,81,1.121427297592163
31,1,50,25,0.0056175717470486304,33,0.3969798684120178
25,2,44,28,0.003916870692042983,107,0.3067454695701599
32,1,32,20,0.00756804219737642,35,0.35090330243110657
32,2,43,24,0.007671684214980344,38,0.10380490869283676
17,3,42,25,0.001538623127464772,38,0.2855978310108185
24,2,48,24,0.0011456437837371444,72,0.48178648948669434
21,2,61,21,0.0044065324736740985,108,0.2800489664077759
25,3,36,25,0.0038640310786310097,85,0.2101317048072815
25,1,35,21,0.00029413046656538044,56,2.0545244216918945
21,3,33,20,0.006425794348797006,69,0.14978104829788208
23,3,37,29,0.009498448972268203,96,0.10101395845413208
20,1,47,17,0.0026855554880538023,59,0.5692288279533386
26,2,44,29,0.007626527323961817,69,0.1268051564693451
25,2,42,30,0.007246758136057942,99,0.16264024376869202
23,3,58,32,0.0006173863992072863,110,0.9189766645431519
16,1,39,27,0.007773104023285529,106,0.5007087588310242
20,2,60,24,0.0008153107776840123,127,1.231417179107666
31,1,46,21,0.0001736187801490896,105,2.276510000228882
30,1,64,18,0.00405615803380264,124,0.5328051447868347
26,1,43,29,0.007386263450024367,84,0.4334731996059418
25,1,50,30,0.0056541920640799884,77,0.4572156071662903
17,3,58,19,0.004907656588239862,40,0.12754859030246735
28,1,42,25,0.003124071100616798,59,0.5247340202331543
29,2,60,16,0.0031874678231804923,75,0.28185778856277466
27,1,46,32,0.008709440147355512,122,0.469843327999115
25,2,60,16,0.0075268244957256035,127,0.18309281766414642
31,1,41,16,0.004469982984196948,88,0.49948057532310486
26,3,53,18,0.008755777158813842,79,0.10611071437597275
26,3,44,32,0.004169352455428988,61,0.1600772887468338
21,1,34,32,0.0058821545143131985,110,0.48563048243522644
26,3,38,21,0.0009075745743751843,106,1.152206301689148
24,2,32,23,0.00562357192251827,37,0.1355418711900711
24,1,61,28,0.002904688998373016,110,0.5891438722610474
29,3,57,23,0.0077053064897141315,47,0.07924040406942368
19,3,32,24,0.008188935691007823,117,0.15677323937416077
30,3,41,22,0.009750124151800004,58,0.08812027424573898
21,1,32,24,0.0012819989958992029,89,1.0028694868087769
24,2,60,20,0.008367830035193388,32,0.09861188381910324
30,2,47,20,0.003793484978632145,66,0.20590859651565552
32,2,35,21,0.0015358349386905702,117,0.6509464383125305
17,2,46,26,0.006852075215793991,105,0.16744330525398254
17,2,51,18,0.007227652908911643,61,0.13871029019355774
22,2,64,25,0.006917478084759535,112,0.1920190304517746
27,3,38,23,0.008356790637478843,42,0.09755507856607437
26,2,52,21,0.006544931167699254,106,0.2073272317647934
31,1,61,18,0.006644085002214158,94,0.45979976654052734
32,3,63,26,0.007704390246909798,58,0.08546891808509827
31,1,40,19,0.0007736436599682061,105,1.8618428707122803
27,3,48,27,0.009612821386017573,42,0.07530832290649414
28,2,46,30,0.0018806569167976299,89,0.36485257744789124
20,1,53,22,0.0006988633868477374,123,2.1542372703552246
19,2,52,28,0.001392634528409822,45,0.380990207195282
30,3,41,28,0.0003328277317628858,40,0.8187460899353027
20,3,38,25,0.002605618414982519,41,0.1908389776945114
21,1,41,17,0.0016165227524290585,40,0.7468888163566589
24,3,45,18,0.0032585076859463023,105,0.23670266568660736
20,2,57,28,0.001337446048653023,123,0.7037628293037415
24,3,61,31,0.0037686337582045963,98,0.16813454031944275
27,1,34,26,0.0063938230979876795,116,0.49985620379447937
29,1,41,29,0.00022921216680185392,69,2.26615571975708
29,1,51,23,0.002177885684882025,117,0.6500182151794434
27,1,50,30,0.0009208170636956593,75,1.4987363815307617
21,2,37,30,0.003053264829672276,49,0.25862690806388855
21,1,54,24,0.009381518228094781,112,0.4038209617137909
20,1,47,21,0.007139709321691141,38,0.3743795156478882
16,1,41,31,0.0046004581844202195,49,0.464915007352829
26,2,38,32,0.005534520682962794,32,0.1468505710363388
18,3,53,20,0.008172408499263288,71,0.10227059572935104
19,2,37,27,0.0037030744394910137,57,0.2721399962902069
28,2,45,28,0.00597654074767805,42,0.14170870184898376
19,2,50,32,0.008457742349824745,105,0.16741958260536194
19,2,50,28,0.004197372576959128,96,0.2884988784790039
20,2,54,19,0.006159106364599213,113,0.24012884497642517
19,1,57,22,0.002265560034302995,95,0.7424541711807251
19,3,32,25,0.007952838311159234,106,0.037133071571588516
18,2,51,19,0.005530099048898767,45,0.038731519132852554
29,3,63,30,0.00829557819189989,40,0.019524123519659042
29,2,38,31,0.004274141909257678,127,0.04524686560034752
18,2,36,29,0.008924437901927118,124,0.045817065984010696
20,1,35,31,0.008050900580678528,93,0.280953973531723
28,1,57,16,0.006912482136974653,41,0.2111579030752182
20,2,33,30,0.003379506277365547,127,0.07378172129392624
30,3,53,18,0.0011349586124580631,49,0.051735930144786835
26,2,42,26,0.006116009897380038,60,0.03310706466436386
16,2,51,29,0.0031551063539539278,96,0.05440385639667511
20,1,37,26,0.0021211297930763123,126,0.3367362320423126
31,1,59,28,0.00414428765323302,126,0.26134613156318665
19,1,52,24,0.0058396989415601935,49,0.25356924533843994
23,1,33,17,0.003157776088626872,81,0.2948111593723297
30,3,64,21,0.00666381965006674,39,0.022113969549536705
32,3,34,18,0.002863302083495322,81,0.042206380516290665
24,2,43,27,0.00949230265244103,117,0.03606726601719856
21,3,53,25,0.0004481572280219792,45,0.08437864482402802
26,2,44,24,0.004175685991963133,60,0.03994875028729439
22,2,38,32,0.0024321528102407134,124,0.06194952502846718
26,3,57,27,0.00010655153874712127,99,0.22828888893127441
22,1,49,26,0.00342025280840653,120,0.29624080657958984
23,2,35,18,0.009414147304928058,94,0.047754935920238495
26,1,46,25,0.004510733343858369,67,0.2144642025232315
32,2,45,27,0.004962342801706101,86,0.03294819965958595
31,3,54,20,0.00953778667020203,62,0.025356831029057503
24,2,42,23,0.008365788164129223,88,0.030814018100500107
25,2,46,23,0.004120501589868295,63,0.04338965564966202
18,1,32,29,0.009220138916521107,54,0.28020450472831726
18,3,37,24,0.003076202922756289,45,0.03925257548689842
19,1,60,27,0.007290759212709122,86,0.2533903121948242
22,2,40,27,0.000397695868614427,83,0.12722085416316986
17,1,60,29,0.009572016219549279,118,0.18197192251682281
16,1,35,20,0.009335968230780029,102,0.2335142344236374
21,2,34,32,0.004565178111863118,74,0.042419131845235825
29,2,38,29,0.0009486970595696773,118,0.09210613369941711
29,2,60,26,0.0075652249553480235,113,0.030498335137963295
18,1,33,20,0.0032470429154334984,77,0.416015625
26,1,39,21,0.007907423490448824,73,0.29475706815719604
25,3,45,29,0.005802804026552301,113,0.0327298641204834
22,1,45,23,0.00961719336179632,120,0.3582870364189148
20,1,61,24,0.0005393579777306487,32,0.33381402492523193
29,3,34,17,0.0044720078510522,52,0.029252538457512856
20,1,41,20,0.0017298957186249544,33,0.29014283418655396
32,2,53,27,0.00749915538098452,69,0.028526408597826958
22,3,61,26,0.005349782964868053,98,0.029967406764626503
21,3,45,31,0.0035077367458952306,36,0.033876702189445496
23,1,43,16,0.006915773944942466,32,0.22171716392040253
22,3,44,32,0.007380864982405913,127,0.03540581837296486
18,1,36,18,0.009366333244881066,126,0.28784915804862976
27,1,36,21,0.0010721419549805213,97,0.3754202127456665
28,3,58,19,0.0014696267852113865,114,0.0631101131439209
25,1,34,23,0.0040526505882126414,104,0.2956664264202118
17,2,63,22,0.0029300618414046754,101,0.05482276529073715
31,2,42,22,0.0023860087274388334,40,0.040407903492450714
22,2,39,22,0.007553953156318036,40,0.038243576884269714
21,2,35,24,0.003156606992539205,107,0.06175285205245018
21,2,54,26,0.0020020638207727424,96,0.06702952831983566
19,1,36,23,0.009917827893308332,72,0.22544799745082855
26,3,41,31,0.009235088065867331,40,0.02602909691631794
17,3,38,32,0.0014772784631912946,69,0.0626218393445015
29,2,40,23,0.0006678940712609104,122,0.10381210595369339
23,2,32,24,0.0055995599172875814,105,0.049012016505002975
31,3,64,23,0.009038604369130206,75,0.027511514723300934
31,3,36,31,0.007313897785420538,53,0.02302525006234646
17,3,59,20,0.004044095164003545,94,0.04373404383659363
26,3,53,21,0.008440925250610146,74,0.03194056451320648
30,3,52,20,0.0012074622387164295,78,0.058759864419698715
28,3,62,21,0.008154813386148086,75,0.023503202944993973
21,2,60,30,0.0018931329877509653,78,0.05875421687960625
31,2,59,22,0.004781934392828701,74,0.03327084332704544
23,3,64,29,0.007745384301382292,87,0.026124751195311546
16,3,60,28,0.0011678298577698103,74,0.0708407536149025
27,2,45,17,0.00739862875270124,100,0.03565431758761406
31,1,61,32,0.0018197953479305244,71,0.23267601430416107
22,2,61,21,0.00030933382014083005,121,0.15685606002807617
32,3,37,29,0.002293155293591941,41,0.03542166203260422
16,3,46,18,0.0037513058373566813,38,0.03822404146194458
31,3,55,27,0.00027302744542385347,46,0.09889347851276398
30,1,53,21,0.005596293275883449,92,0.257755309343338
21,3,51,28,0.0060644447051586385,53,0.030282068997621536
32,3,52,21,0.00658381218380376,128,0.030332377180457115
18,2,37,31,0.003099741093048275,121,0.05898073688149452
23,1,36,31,0.0020181401145765356,43,0.2939475476741791
28,3,44,16,0.006770587877700901,59,0.027751807123422623
28,1,64,16,0.007309758049875906,98,0.2619253396987915
18,1,51,29,0.003352023108384286,70,0.2149241715669632
28,2,32,31,0.003852267394520824,100,0.04685624688863754
19,1,34,23,0.003937673043240399,84,0.28994953632354736
20,3,41,24,0.0002442154024747015,96,0.2011614739894867
22,2,43,32,0.005230350548197129,74,0.04589663818478584
19,2,57,28,0.0037624895462387517,51,0.039592865854501724
30,1,35,16,0.0037886666454246547,54,0.24200990796089172
21,3,49,29,0.005657914641204638,58,0.029597200453281403
23,1,32,26,0.005511146376642538,83,0.30213409662246704
22,2,33,17,0.006373196101232168,97,0.052401360124349594
22,1,56,20,0.006763562443580898,81,0.265543669462204
30,2,53,31,0.00027903200312121105,100,0.17144952714443207
18,2,52,30,0.00939632233812369,116,0.036375921219587326
29,1,54,28,0.006543831191527229,48,nan
25,1,32,28,0.00605891508101567,120,nan
27,2,38,23,0.004808051133352061,90,nan
18,3,60,22,0.004461665361138293,86,nan
25,2,44,18,0.0038082471274834043,89,nan
22,3,48,23,0.0007452443586431819,47,nan
23,2,55,32,0.0006878871476740708,47,nan
18,1,37,18,0.0019914879020470895,111,nan
27,2,44,17,0.003461287862829538,103,nan
28,3,58,25,0.00045150192154171396,112,nan
25,1,52,29,0.006394778434207724,106,nan
28,2,50,28,0.0047828406490965985,39,nan
18,2,33,25,0.008758806681752164,49,nan
26,3,41,32,0.0046214473289598835,123,nan
22,1,37,29,0.0014829737207485568,123,nan
22,2,46,23,0.008144873556704228,110,nan
29,1,56,20,0.007642007520795208,121,nan
32,1,61,18,0.00802094655307149,62,nan
26,1,50,21,0.005555941160626304,114,nan
23,1,53,30,0.006320172203977573,95,nan
29,3,57,18,0.0029496926174088557,125,nan
24,2,63,29,0.006788920743042465,104,nan
22,1,50,29,0.00923812667558071,56,nan
16,1,60,30,0.0014357317764101495,76,nan
30,1,61,18,0.008380127612346095,36,nan
28,1,47,16,0.004183940964995152,95,nan
25,3,62,32,0.0013205451091991207,124,nan
16,1,53,24,0.00964774955410975,57,nan
31,1,46,25,0.00682387502550504,37,nan
24,1,55,32,0.001012135251713615,91,nan
17,1,41,20,0.000663827527767154,83,nan
20,2,48,25,0.0053205446789338666,119,nan
19,1,63,28,0.001126978275561219,89,nan
23,2,63,22,0.007142657006188699,123,nan
26,2,59,18,0.006604704395708736,47,nan
18,2,48,30,0.0025887556256062243,55,nan
28,3,47,26,0.002943526456488626,109,nan
30,2,64,29,0.008523968755775074,71,nan
25,3,49,29,0.008636243450654823,93,nan
28,3,55,32,0.0008379105653517745,93,nan
16,3,44,23,0.004622651150159605,58,nan
24,1,33,26,0.006466252914372618,71,nan
32,1,63,22,0.007553111796893142,103,nan
28,1,40,29,0.006838180609017554,55,nan
16,2,55,16,0.004520078093284104,99,nan
27,2,58,16,0.0014214102030156181,79,nan
19,1,43,20,0.006577111971985887,103,nan
25,2,62,29,0.0049683816014091916,45,nan
29,2,47,32,0.0012984597691235616,46,nan
24,2,39,17,0.004062593575471988,115,nan
31,2,53,26,0.002506175834851369,98,nan
25,3,64,18,0.003309533749993361,33,nan
21,1,60,27,0.004992210480062963,68,nan
17,2,41,16,0.0082337840078706,44,nan
20,1,34,26,0.0025179313756934357,117,nan
28,1,60,28,0.004228710458456382,50,nan
32,3,36,23,0.0005326372293403104,70,nan
28,3,45,22,0.008728319659961457,57,nan
19,3,56,32,0.007715560169683448,32,nan
29,1,59,18,0.008116103208442445,85,nan
22,1,46,28,0.009672190680173325,38,nan
16,3,41,30,0.00583775194414166,83,nan
28,3,41,28,0.0037006501313507365,42,nan
26,3,55,27,0.001626044797187238,124,nan
18,3,45,29,0.007153442382111822,43,nan
17,1,40,27,0.006718430848428874,54,nan
27,3,37,24,0.003943958992947864,69,nan
23,1,35,25,0.003951932593996066,42,nan
25,1,36,31,0.007543671063177494,81,nan
16,1,42,19,0.003726884943154002,65,nan
18,2,43,29,0.0051567342362429285,33,nan
18,2,35,24,0.006644933676158389,123,nan
28,2,43,16,0.0023525419371756115,96,nan
23,3,59,32,0.001283601139988585,49,nan
23,3,54,17,0.0031597951470232243,127,nan
31,3,60,17,0.002872056818872283,91,nan
20,2,32,20,0.003060757574778805,111,0.09148906916379929
19,3,40,21,0.0005550608725978293,39,nan
16,3,63,29,0.00622787728374966,37,nan
17,3,33,17,0.008648261552812488,80,nan
25,1,48,29,0.006024556326250575,64,nan
22,1,39,26,0.005170188019950002,32,nan
29,2,60,27,0.00030855463927559166,38,nan
30,1,54,19,0.0018057072403935453,59,nan
18,2,52,17,0.0044261938274786725,102,nan
22,1,35,23,0.004103868807458992,119,nan
32,3,59,22,0.005074254172152853,103,nan
31,1,49,24,0.0010672189267872585,88,nan
27,2,33,31,0.004833884765503499,118,nan
29,2,56,25,0.003790669726662885,90,nan
18,1,64,26,0.001649425796045989,81,nan
23,1,50,30,0.0015680325664333516,49,nan
17,1,54,24,0.008954726549997766,124,nan
22,2,53,21,0.0020865770368124936,114,nan
29,2,55,20,0.009895564564174045,41,nan
25,2,54,29,0.00840571170041062,106,nan
19,2,51,20,0.002323602693521402,93,nan
16,2,60,32,0.000547664332121271,79,nan
29,1,42,28,0.007242450104227451,43,nan
22,3,36,27,0.0044873805497398726,74,nan
23,1,40,24,0.008719752679788927,83,0.23875099420547485
31,2,46,16,0.008398785406309906,52,0.04781372845172882
25,3,38,31,0.009742148318498312,77,0.04470378905534744
20,2,44,30,0.0007780012343194382,67,0.0512533076107502
17,2,34,21,0.007555331305700712,46,0.05419944226741791
32,3,41,21,0.0011876920971794418,113,0.03510649502277374
31,1,53,17,0.0066442074813716666,112,0.30090320110321045
17,2,61,25,0.0036546559803235647,88,0.0342148020863533
20,1,33,16,0.006541132690440295,66,0.23006141185760498
27,1,38,25,0.009721934234551526,45,0.21846948564052582
16,3,61,24,0.002826208299964972,119,0.031704194843769073
21,1,58,31,0.0012761980238839554,34,0.23686601221561432
16,3,40,17,0.004073051588917566,128,0.031140007078647614
24,2,33,23,0.002872519363722187,38,0.03474835306406021
18,2,37,24,0.005771452143664427,47,0.043832067400217056
30,2,60,30,0.007766378253855206,68,0.0410878024995327
29,2,43,22,0.0006721741753669535,91,0.051223233342170715
31,1,50,20,0.00558566914247893,94,0.31231629848480225
31,2,33,30,0.003290681403664265,82,0.035686835646629333
32,1,60,30,0.005827729359975083,84,0.18129049241542816
23,1,43,16,0.005111229573241954,82,0.1920415312051773
17,3,33,32,0.008651230463597769,32,0.06720784306526184
22,3,33,19,0.0004994119481129656,105,0.07341301441192627
29,2,46,25,0.001683942468316672,61,0.032397497445344925
24,1,64,31,0.002556976865507355,110,0.29295533895492554
17,3,50,25,0.007690254729962041,110,0.03616681694984436
26,1,44,26,0.0005037020483120481,64,0.2965594530105591
16,1,53,27,0.005685847069332683,45,0.1913750171661377
22,3,59,17,0.0006116498809017393,104,0.05150320753455162
21,3,38,26,0.001454582454100853,121,0.042695414274930954
28,2,59,23,0.0015470038306085834,118,0.03803206607699394
28,2,44,30,0.008044083216019075,82,0.04143766313791275
25,1,61,28,0.00926860520422779,65,0.2975812256336212
28,1,52,29,0.001090698734681755,71,0.2552711069583893
25,3,47,16,0.008717908600185523,55,0.04755222797393799
31,3,55,30,0.004489786952726236,41,0.03225463628768921
21,2,48,20,0.008321557728728321,53,0.048325859010219574
24,1,45,26,0.009904352515966658,67,0.31245869398117065
28,2,51,25,0.0013090900284300905,75,0.03373806178569794
30,2,43,31,0.007759882859333038,41,0.047240909188985825
31,3,42,16,0.006434816721508617,103,0.031881365925073624
31,2,55,26,0.005172186631273964,77,0.032013408839702606
32,2,63,25,0.002018447927190013,121,0.031485091894865036
24,3,46,30,0.0070612731629496345,46,0.040423545986413956
31,1,57,29,0.0007660934415739134,76,0.26375603675842285
20,3,62,21,0.008218058047240502,118,0.034220002591609955
31,2,42,22,0.003063964889938421,65,0.035396263003349304
18,2,54,32,0.007348342239251098,67,0.04308902844786644
19,2,34,26,0.0075171653897384725,33,0.059190090745687485
32,1,46,24,0.0028501218983749267,55,0.19070059061050415
20,1,37,22,0.00602765493614421,104,0.20725248754024506
18,1,63,17,0.009742105348533819,99,0.2002997249364853
26,3,55,28,0.005006140937021978,74,0.029217589646577835
32,3,32,25,0.0031462495365350766,40,0.031309083104133606
28,3,55,31,0.004012828755573859,82,0.028845366090536118
23,1,54,22,0.0010151765403553605,118,0.29487720131874084
17,2,32,27,0.003941157373866538,48,0.03857267647981644
28,3,42,30,0.007370419528968532,89,0.035808924585580826
31,2,60,28,0.005695452329364633,78,0.03416717052459717
17,3,58,22,0.0015276517015152184,80,0.036843981593847275
29,1,47,22,0.0008789062962195212,71,0.2687375247478485
32,1,58,16,0.0075258173924975065,125,0.18879182636737823
29,2,41,28,0.0012182828100487497,85,0.04297628998756409
31,2,52,24,0.002527289738377377,48,0.030583612620830536
18,3,40,27,0.0003074443863231834,90,0.0709279403090477
25,2,39,25,0.006932208380574672,101,0.0330997109413147
16,1,53,22,0.007972971554474472,78,0.2938254475593567
28,2,51,29,0.0036448010799856436,90,0.029341425746679306
16,3,35,26,0.0017236669510541113,66,0.038625892251729965
23,3,36,31,0.006597220314936208,69,0.035947199910879135
19,1,39,25,0.002739941213398309,97,0.346444308757782
26,2,61,16,0.0050161858657924285,42,0.03652530536055565
31,3,50,17,0.009293206991572848,113,0.03567730262875557
23,2,59,27,0.0012421734130589838,49,0.031885843724012375
25,2,63,29,0.006600145045751962,87,0.03374190628528595
27,2,58,27,0.0019716650392923216,34,0.028605498373508453
31,2,50,19,0.003001926341920619,53,0.030629975721240044
32,2,41,28,0.004454869969124387,32,0.037729304283857346
17,3,41,29,0.0068072341526487145,45,0.04600071161985397
23,3,32,19,0.007989128282052074,52,0.04626251757144928
31,3,46,28,0.00463587163789054,61,0.030820896849036217
28,1,64,23,0.007582490117723155,111,0.27631548047065735
23,1,49,32,0.00426904506652672,64,0.2177918553352356
16,2,49,27,0.0004971913712849045,42,0.05450604110956192
25,3,51,20,0.007430782932121851,124,0.030303869396448135
27,1,37,26,0.0031377003514202603,71,0.20741777122020721
23,2,40,26,0.0005463405451578856,124,0.07817621529102325
16,2,60,28,0.008008278936897739,59,0.04651045426726341
28,1,51,24,0.00568875105557391,88,0.18031103909015656
16,3,46,20,0.00241058028324003,44,0.031898051500320435
21,2,57,23,0.008538727483478049,78,0.03982597589492798
19,3,62,28,0.005970825632042534,117,0.029252368956804276
27,3,54,32,0.002739898960319238,93,0.027597904205322266
26,3,33,18,0.0066736068546549504,56,0.04038631543517113
17,1,51,25,0.008731420860141066,112,0.18681132793426514
25,1,57,21,0.004571917762173914,118,0.1993156224489212
20,2,48,20,0.0034398936261062735,73,0.03470601513981819
16,3,63,26,0.0003366956446338397,94,0.06789819896221161
23,2,47,30,0.009928842278006092,76,0.048647742718458176
28,1,46,22,0.00039702678791354786,46,0.2914898693561554
27,3,59,32,0.005845937891125456,69,2.301222801208496
27,2,60,29,0.008838226464156423,41,2.30118727684021
16,3,44,18,0.002904097613145154,128,2.3014774322509766
17,1,40,31,0.007889784223595217,47,2.3011889457702637
22,1,56,23,0.009988087563758631,82,2.3011913299560547
21,2,58,25,0.009918979608575575,78,2.301191568374634
16,1,54,19,0.0014445263724492158,58,2.3017640113830566
29,1,42,20,0.003322221859308898,111,2.301398754119873
25,1,61,28,0.0016630089377635787,35,2.3016579151153564
16,2,53,32,0.00017342992403198118,92,2.302455425262451
24,1,60,25,0.005720895221098977,37,2.3012120723724365
17,3,44,22,0.0014994058220453802,85,2.3017680644989014
21,2,57,20,0.0022852773258028366,46,2.301501750946045
21,3,60,27,0.002840358111012428,63,2.301422357559204
19,1,48,21,0.0002161542853810204,58,2.302417278289795
31,3,58,19,0.009182875411170981,62,2.301189422607422
28,1,62,16,0.00013762467585262556,99,2.302485227584839
20,2,37,28,0.00332149326551081,63,2.301356077194214
28,2,51,18,0.0016317534580051797,98,2.3017466068267822
28,1,33,27,0.0009111727141306959,68,2.301992416381836
24,2,60,25,0.004974122617212987,36,2.3012375831604004
24,1,42,31,0.00808425217197647,59,2.301191568374634
24,1,39,32,0.0016190969693280178,115,2.301769733428955
25,2,57,21,0.006403469898768483,113,2.3012185096740723
26,3,62,30,0.0062251943332117775,49,2.3012053966522217
23,1,63,31,0.007141990686023901,78,2.301203966140747
18,3,49,30,0.0024774385150390125,63,2.301490306854248
22,1,38,32,0.005909471656328265,84,2.3012237548828125
28,1,50,18,0.008354655717532885,55,2.301187753677368
26,2,40,28,0.006960844710720692,93,2.3012049198150635
24,3,52,31,0.004729688950550201,57,2.301252841949463
27,1,48,22,0.006174425007523102,108,2.3012266159057617
25,2,63,28,0.0001258234378446008,81,2.3024885654449463
29,3,48,28,0.0021416140729160244,84,2.301586866378784
17,1,52,22,0.008121236543156796,55,2.301191568374634
22,3,50,28,0.0025237449384015193,116,2.3015382289886475
16,3,61,24,0.0010126436489231718,96,2.301980972290039
28,3,37,24,0.0011531790599985127,70,2.301884412765503
23,3,62,18,0.00637393773492384,32,2.3012006282806396
32,2,34,21,0.009117564964417292,78,2.3011908531188965
24,1,33,32,0.008020059827382702,57,2.301192283630371
26,3,62,18,0.003958819010746715,84,2.3013112545013428
23,3,58,20,0.0006311885073769426,99,2.3021748065948486
24,1,32,24,0.006213521736177009,34,2.301203727722168
19,1,52,29,0.008207358007389396,78,2.3011932373046875
29,3,51,23,0.0046191070521116985,86,2.3012735843658447
21,1,47,26,0.002974511647225076,76,2.3014230728149414
28,1,57,26,0.0003789378308073962,70,2.302302360534668
21,3,64,21,0.008227521796434272,48,2.30118989944458
29,1,36,27,0.0024167691266823665,59,2.301495313644409
22,2,46,26,0.004839721055057329,65,2.3012499809265137
32,3,54,22,0.009747788227841149,37,2.301187038421631
32,3,46,17,0.008109879385802637,80,2.3011934757232666
29,1,64,28,0.005634714591115257,75,2.301225423812866
31,3,60,28,0.007990311294713635,56,2.3011929988861084
30,1,41,22,0.0010206431578772873,67,2.3019418716430664
16,1,50,20,0.006566583315537161,51,2.3012022972106934
30,2,37,29,0.007207560710329951,32,2.3011937141418457
31,2,47,19,0.005998066451383161,65,2.3012213706970215
29,3,38,17,0.009651450586317278,110,2.301192045211792
31,3,43,18,0.00026974537715381583,39,2.3023667335510254
17,3,52,30,0.0011681897019807485,77,2.301889657974243
16,1,52,18,0.001587165986525567,125,2.301793336868286
16,2,47,27,0.001966091841903515,110,2.301665782928467
19,3,56,19,0.004396032730720885,104,2.301297187805176
17,2,48,17,0.009065874248585775,102,2.3011910915374756
17,3,37,23,0.001765444366459671,32,2.3016200065612793
29,2,48,27,0.0016790229760038414,115,2.301748275756836
22,3,53,32,0.003443571530084169,46,2.3013319969177246
18,3,48,29,0.007571253663222747,124,2.3012046813964844
17,2,45,30,0.008604165947852628,70,2.30118989944458
28,1,51,18,0.004983124234850837,39,2.301236867904663
17,3,40,29,0.005084695826966026,85,2.3012468814849854
20,2,55,30,0.008678065012215413,41,2.301187753677368
26,3,62,25,0.0004261958469314649,57,2.3022594451904297
30,3,33,20,0.00935880767941186,105,2.301192283630371
25,3,50,20,0.006467393911990404,47,2.3012006282806396
24,3,61,20,0.00713187052990433,82,2.3012001514434814
16,3,33,21,0.009355311714909513,102,2.301193952560425
32,3,35,26,0.0020225847293072457,113,2.301657199859619
22,1,33,21,0.008953631474755903,108,2.3011934757232666
23,2,32,18,0.0008813366422606625,38,2.3019790649414062
27,1,33,30,0.0003405648915040483,78,2.3023386001586914
27,2,38,18,0.0009453015219426803,71,2.3019931316375732
25,1,38,32,0.006299687258262239,77,2.3012142181396484
23,2,47,24,0.00773940978033854,106,2.301199197769165
24,1,48,29,0.0020859000985613617,127,2.301645517349243
28,1,41,24,0.005197230405188238,84,2.301241159439087
21,3,38,16,0.004952433229923141,112,2.301267147064209
17,2,33,20,0.001134120404634436,91,2.3019282817840576
32,2,62,32,0.004749438639037761,127,2.3012967109680176
16,2,33,25,0.005404276391489398,60,2.301227331161499
31,1,45,30,0.007563144042624503,65,2.301193952560425
27,1,54,28,0.002475685005430513,118,2.3015646934509277
18,1,40,18,0.009513289391410358,54,2.3011889457702637
23,2,56,28,0.007693655891204011,121,2.301201820373535
31,2,57,31,0.004709607807511331,103,2.3012797832489014
29,2,61,31,0.0029349132655581466,128,2.301468849182129
31,2,44,18,0.007389707080543802,83,2.301198720932007
25,3,32,31,0.005543603604708686,71,2.301224946975708
