Optimizer,Hidden_Layer1,Hidden_Layer2,Learning_Rate,Batch_Size,Loss
RMSprop,139,81,0.0009944559487546627,34,0.05149318277835846
Adam,142,60,0.003819742407362391,103,0.04290195181965828
RMSprop,54,232,0.005039969881878957,95,0.0673430785536766
Adafactor,37,84,0.0015685830197443588,119,0.28398868441581726
Ftrl,185,223,0.0052540850848198815,76,2.301241397857666
Nadam,73,87,0.005990877318643588,47,0.07206010818481445
AdamW,228,190,0.004049469285988682,33,0.05914323776960373
Adamax,84,187,0.0009396791045514983,99,0.15286017954349518
Nadam,85,67,0.007295370302449368,101,0.05989471450448036
RMSprop,181,195,0.0037731002202235357,78,0.046275507658720016
Adagrad,139,237,0.007453107314497599,74,0.27108320593833923
Adadelta,83,157,0.004318429815088824,119,1.9374194145202637
Adam,65,71,0.0012522492691764923,72,0.07149697840213776
Ftrl,130,200,0.001121594790661718,81,2.3019158840179443
SGD,103,84,0.006724003531496926,110,0.5047434568405151
Nadam,203,226,0.0014115063574379088,111,0.0340665802359581
Adadelta,214,240,0.001303209876281678,47,1.940784215927124
Adadelta,178,165,0.005202864206023441,113,1.2916101217269897
Adadelta,174,152,0.00025096375373127487,43,2.261338233947754
Adam,133,221,0.0025482086288314983,65,0.04183012992143631
Adagrad,133,77,0.002706985063898248,60,0.37198951840400696
RMSprop,59,196,0.002758792364547677,120,0.06035282090306282
Adamax,125,139,0.001956971152478078,92,0.08155452460050583
Adagrad,101,98,0.007266674307835297,60,0.2654043436050415
AdamW,243,225,0.0032262549102885715,118,0.037776485085487366
SGD,208,59,0.008546724694020427,125,0.45114874839782715
Adadelta,245,136,0.005336220707873039,44,0.6553695797920227
Adam,237,63,0.0003604875303902641,96,0.09102723002433777
AdamW,162,154,0.007759184542327525,96,0.06155354902148247
Adafactor,156,148,0.0038223859350942735,106,0.13254690170288086
Adagrad,154,189,0.0035984089520017773,96,0.3709183633327484
Adagrad,125,235,0.0039943420404753675,78,0.3381929397583008
Adagrad,76,163,0.004881129450806401,50,0.29982781410217285
Adamax,134,132,0.0015406531327254254,99,0.09361787885427475
RMSprop,133,89,0.0009247513020091893,90,0.0644640251994133
AdamW,205,106,0.0015265324269764843,63,0.03498820215463638
Adam,99,124,0.0040409951344555824,92,0.04879114404320717
Ftrl,92,176,0.004671157050597237,77,2.301267147064209
Adam,153,192,0.005886718173505327,120,0.04953843727707863
RMSprop,205,123,0.0060715744483967144,39,0.1074390560388565
Adadelta,144,213,0.00360463857613453,119,1.821024775505066
Ftrl,195,178,0.0021475918970827595,72,2.301572561264038
Nadam,104,124,0.008344966417436718,37,0.0907515436410904
Nadam,44,212,0.005695648236826851,112,0.06578342616558075
Adafactor,64,251,0.006411835519131564,51,0.09374047815799713
Adafactor,150,254,0.007779621355170779,121,0.08102573454380035
Nadam,152,141,0.0009057556546098355,83,0.0488901250064373
Adamax,235,214,0.0038187166139302194,95,0.03682141378521919
Adagrad,170,82,0.005341666218127554,97,0.3302628993988037
Adam,59,77,0.004554288912404861,64,0.06506998836994171
Adagrad,116,212,0.008361685493472035,39,0.21231545507907867
SGD,225,191,0.0037215525869065073,86,0.6025580167770386
RMSprop,224,76,0.005301614026621546,78,0.053829923272132874
Adamax,50,33,0.008801506116230956,111,0.08492863178253174
Adadelta,52,71,0.006327353051912112,37,1.1188690662384033
Adam,77,56,0.004497389960701689,47,0.06226594001054764
Ftrl,121,130,0.007616647038291243,118,2.3012020587921143
SGD,57,212,0.0016052256385467522,38,0.8323080539703369
Adagrad,136,206,0.003512695827946331,75,0.353977769613266
SGD,93,148,0.0042939451247605885,45,0.40248268842697144
SGD,57,44,0.007032001145462283,83,0.447153240442276
RMSprop,103,132,0.007762229480636989,56,0.11508464813232422
RMSprop,229,105,0.005216651241070196,122,0.04272877052426338
Ftrl,94,224,0.004370566322779949,57,2.3012757301330566
Adafactor,51,183,0.008447592708983796,47,0.08867436647415161
Adagrad,119,242,0.0023896490924214943,53,0.3745731711387634
Adafactor,65,232,0.004148389722444209,72,0.14738042652606964
Adadelta,132,254,0.001041747230187703,89,2.1965439319610596
Adadelta,160,169,0.007580883360369062,63,0.6925991773605347
Adagrad,229,34,0.006164402774710426,37,0.23783688247203827
Adagrad,166,134,0.0015743832224250098,33,0.37796249985694885
SGD,42,240,0.0024796950504891164,81,1.515291690826416
RMSprop,138,86,0.008849686222578252,38,0.16677768528461456
Adafactor,142,196,0.008840350933000807,121,0.07361242175102234
RMSprop,251,123,0.007178820200440283,120,0.05533842369914055
Nadam,214,79,0.0008832508866113782,76,0.04372734948992729
Ftrl,118,56,0.003692333740914545,114,2.301360607147217
RMSprop,143,45,0.002324734886270444,64,0.04583064466714859
Adadelta,213,184,0.006131144588124631,51,0.6531328558921814
AdamW,94,232,0.008891864730955674,72,0.08502147346735
Adafactor,108,112,0.003504767497042597,73,nan
Adamax,195,129,0.006714817946466701,39,0.029656490311026573
AdamW,251,77,0.0003009877989459283,78,0.09285397827625275
Nadam,160,45,0.0015468432447754406,68,0.04090571776032448
Adafactor,122,57,0.0013550332662945136,39,nan
SGD,191,100,0.007564467623167667,79,0.38319534063339233
Nadam,100,124,0.0016936938939389394,115,0.051755841821432114
Adamax,65,148,0.001573762504735243,43,0.11058995872735977
Ftrl,221,50,0.009248649096476002,116,2.3011934757232666
AdamW,146,210,0.008498111226706668,117,0.06491732597351074
RMSprop,177,154,0.0026653086429077265,64,0.04130658134818077
Adadelta,188,116,0.0021507064330667726,94,1.9142931699752808
AdamW,186,254,0.0031990032255750415,99,0.04264465719461441
Nadam,92,134,0.008129029926987304,89,0.06856522709131241
Adam,152,241,0.003772761217339282,84,0.04421849921345711
Ftrl,131,123,0.0025984447784295245,99,2.301508665084839
AdamW,213,194,0.004835653810545807,50,0.05938740074634552
Adamax,140,227,0.007072728418263741,92,0.03716473653912544
Adam,33,96,0.0007542004888435709,120,0.1494191735982895
Adafactor,214,248,0.007604174984042408,92,0.06543801724910736
RMSprop,236,41,0.00098721639362664,67,0.050518687814474106
RMSprop,214,187,0.004906234429783323,35,0.09588485956192017
RMSprop,203,226,0.0008856218891598072,50,0.0429287888109684
AdamW,140,94,0.00994337704455528,89,0.07733875513076782
Adamax,218,36,0.007801575880437314,119,0.04038061201572418
Adadelta,200,227,0.001330290010094631,63,2.0123178958892822
Adadelta,172,246,0.00905261856913562,103,0.7305634021759033
Adadelta,150,246,0.0010651069745827597,57,2.1406261920928955
Adadelta,199,202,0.00949963405258707,51,0.47493577003479004
SGD,63,209,0.009901003946043966,48,0.3112863302230835
Adagrad,220,175,0.002067437230586416,71,0.4208429753780365
AdamW,68,38,0.006535576957295955,86,0.0697297528386116
Nadam,97,187,0.0036696783398882616,101,0.045541223138570786
RMSprop,83,254,0.002763916873880954,70,0.05154886096715927
Adam,92,108,0.0018531170898078266,59,0.04752054810523987
Ftrl,175,75,0.009842960122061699,118,2.3011937141418457
Ftrl,183,102,0.009298594008876353,61,2.301190137863159
Adagrad,139,237,0.006010928024501902,75,0.296259343624115
SGD,178,150,0.0010043681257481335,65,1.5974239110946655
AdamW,35,115,0.004757525802644722,73,0.07695714384317398
Adagrad,171,65,0.0017717363203087753,96,0.599639892578125
RMSprop,206,126,0.002581274450893522,59,0.04098619893193245
SGD,36,240,0.0043696072547917695,87,0.7470707297325134
Adafactor,91,190,0.0037842334225254327,51,nan
Adafactor,186,66,0.007949580432768983,75,0.06568937748670578
Adagrad,218,59,0.0038223260387542793,43,0.2992560863494873
AdamW,45,118,0.002510244198820104,43,0.06735121458768845
Adadelta,90,60,0.004488900462518118,58,1.4381650686264038
SGD,140,126,0.009542459628071464,114,0.41541630029678345
RMSprop,238,137,0.00523661119293904,34,0.11263090372085571
Adagrad,157,152,0.003397629234445072,90,0.3809185326099396
Adadelta,83,33,0.006988078837648934,89,1.3697764873504639
Adagrad,148,200,0.00903031015948563,47,0.207243412733078
AdamW,214,117,0.002837382190321136,49,0.044165898114442825
AdamW,203,67,0.007776735291511493,78,0.06008433178067207
Ftrl,65,227,0.003335027489409683,38,2.3013484477996826
Adafactor,53,188,0.0046216353558972524,79,0.1513650268316269
Adamax,149,166,0.007044863591993483,106,0.03707083314657211
AdamW,131,38,0.0048806210916468706,102,0.04839377477765083
Adafactor,147,194,0.00870209534556786,59,nan
Adam,112,37,0.00783315894806006,121,0.051342740654945374
RMSprop,180,72,0.00229310655123054,64,0.04103241115808487
Adafactor,94,221,0.001164393060026403,103,0.26535549759864807
Ftrl,64,81,0.0005642496801137162,39,2.3021552562713623
Adam,52,39,0.008220794237124716,113,0.07521477341651917
Adagrad,67,49,0.005794097901015065,67,0.3225576877593994
AdamW,37,163,0.00942720296981871,46,0.11412832140922546
Adadelta,67,155,0.006066457084808674,45,0.9715791940689087
SGD,127,191,0.009721624366575098,57,0.3257128894329071
Nadam,110,45,0.00943187860545726,68,0.07338525354862213
Adagrad,77,197,0.0034310877084926137,107,0.43466249108314514
Nadam,236,237,0.008682489312993622,63,0.08070189505815506
AdamW,192,127,0.005344534617233377,85,0.05088618025183678
Ftrl,229,204,0.0013180741730118737,73,2.301831007003784
Adadelta,124,135,0.0020978808557730977,122,2.1170151233673096
Adam,251,163,0.009919509054867106,86,0.07980276644229889
Adadelta,155,233,0.005111901347994577,75,1.0570045709609985
Adadelta,69,33,0.004279832577507907,80,1.7759971618652344
Adam,149,96,0.001242441415569553,78,0.0456942580640316
Ftrl,183,96,0.004843329799936375,90,2.301264524459839
Adamax,228,167,0.0038050934618123777,74,0.0372760146856308
SGD,189,117,0.006732393696026426,48,0.3388022780418396
Nadam,111,66,0.0036905348132675827,111,0.042053479701280594
RMSprop,32,150,0.005628125023171492,40,0.12428827583789825
Adamax,37,207,0.006929027337835947,75,0.0794544667005539
AdamW,170,52,0.004070873640886434,32,0.05758979916572571
AdamW,134,41,0.0023865803909798597,125,0.04898082837462425
Adafactor,120,58,0.004484180973169205,87,0.12125616520643234
Adagrad,175,114,0.0003679694267342225,77,1.7505826950073242
Nadam,61,237,0.008943013479863255,92,0.07848337292671204
Adafactor,147,247,0.002399227206893752,45,nan
Ftrl,240,219,0.0029165206282672305,113,2.3014590740203857
Ftrl,74,192,0.00656989540792914,96,2.301210403442383
Nadam,52,188,0.002960335211214403,115,0.0575188584625721
AdamW,227,80,0.008161378465738936,118,0.05426819622516632
AdamW,171,33,0.0021276509369681012,116,0.04378484562039375
Nadam,118,103,0.008101092592173408,55,0.0770888477563858
RMSprop,116,59,0.006862439327689262,35,0.1346975862979889
Adafactor,182,74,0.0072589827544311284,100,0.07674361020326614
AdamW,149,73,0.009279914478084376,41,0.09036529064178467
Adafactor,150,67,0.008491589135429035,80,0.06787794828414917
Adamax,112,159,0.0007375146719193998,54,0.13900960981845856
Adamax,237,192,0.00033122106589951575,76,0.1722172498703003
RMSprop,122,63,0.0014580074998545227,59,0.05181724950671196
AdamW,160,111,0.000256101652968554,77,0.11397925764322281
Adam,167,111,0.003931523193921827,49,0.05256442353129387
Adadelta,230,86,0.003114234116552825,98,1.6776056289672852
Ftrl,116,197,0.00442254703025744,39,2.3012592792510986
Nadam,126,97,0.0058972431100817934,123,0.048967666923999786
Nadam,80,127,0.0028740604843909127,106,0.046881552785634995
Adafactor,117,221,0.009377860299799349,44,0.05645040422677994
RMSprop,71,108,0.0026976257616107436,112,0.05541617423295975
Ftrl,143,62,0.0024481224778633167,96,2.3015458583831787
Adamax,73,203,0.005247352017816554,86,0.061989519745111465
SGD,100,79,0.0032017921052393196,56,0.5271917581558228
Ftrl,203,94,0.004410484646104476,95,2.3012914657592773
Adamax,213,157,0.008531030709784148,107,0.0322178490459919
Adam,156,96,0.009186050098445846,85,0.06972642987966537
Adagrad,243,185,0.006870192157805555,114,0.31119802594184875
Adagrad,54,168,0.00794316546952452,58,0.265045166015625
Adagrad,218,195,0.0016299826264690059,120,0.6811614036560059
Adafactor,179,256,0.009181956897968527,34,nan
AdamW,54,169,0.003261393383998989,65,0.05785101652145386
Adam,239,212,0.005431553546758385,68,0.056495003402233124
Adamax,130,162,0.0030707901989593107,105,0.061332084238529205
Adagrad,157,156,0.0022535939739270123,109,0.5061390399932861
Adadelta,220,207,0.0021246661450579412,103,1.9566559791564941
Adamax,111,88,0.00952182627443251,56,0.03950871154665947
Adamax,221,143,0.0028733479605415305,104,0.05025014653801918
Adamax,79,140,0.007559450790937353,41,0.04897727072238922
Nadam,204,238,0.008986018797249298,57,0.08197156339883804
Adamax,33,176,0.004421115642636378,62,0.09017712622880936
Adam,221,146,0.0032900352210003267,79,0.04118064418435097
Adadelta,46,34,0.0055343668415017205,116,1.9254698753356934
Nadam,66,213,0.00015746346552706966,45,0.16171081364154816
Adam,219,200,0.0023065280956414327,114,0.03414762020111084
Adadelta,91,164,0.003843936828098173,84,1.7482961416244507
RMSprop,36,150,0.005800358282803248,69,0.09967809915542603
RMSprop,205,214,0.006419464425476931,104,0.05566122382879257
RMSprop,108,151,0.009965026201143574,32,0.21079455316066742
Adadelta,182,158,0.0007374192272761069,82,2.1929638385772705
AdamW,87,112,0.0038199963827520176,39,0.05904978886246681
SGD,236,93,0.0004285747568938212,102,2.1721012592315674
Adagrad,102,171,0.001022803431278832,73,0.7945170998573303
Adagrad,204,55,0.0083640119036037,79,0.25990578532218933
SGD,61,178,0.004047997310537429,68,0.587666928768158
Adamax,65,151,0.0013616150982977374,48,0.1196090579032898
RMSprop,202,185,0.0038955415230752296,116,0.0418168306350708
Adam,196,49,0.005119676242465531,93,0.046597905457019806
Ftrl,188,115,0.003878272333741833,87,2.3013241291046143
Ftrl,54,230,0.0035613634041930377,105,2.3013722896575928
Adadelta,256,44,0.004984428518690825,106,1.312272310256958
AdamW,130,228,0.00631846569895566,59,0.0704784169793129
SGD,32,186,0.0014961538589000518,115,2.1667640209198
Adafactor,196,69,0.0063593322846026284,46,0.058109100908041
Adam,197,138,0.008121511975126549,33,0.09499412775039673
SGD,131,136,0.009331368216739121,59,0.3280457556247711
Ftrl,82,214,0.0059123855110623305,86,2.30122447013855
Adafactor,232,164,0.002276153626697382,42,nan
Ftrl,35,109,0.006379870057359919,82,2.3012142181396484
Adafactor,62,68,0.005530915655111031,125,0.15271279215812683
SGD,153,150,0.007921510544694655,41,0.3017577528953552
RMSprop,171,74,0.0071551395603154586,79,0.07287243008613586
Adafactor,45,85,0.003910138704329134,117,0.1917378306388855
Adadelta,106,36,0.004603862488313224,52,1.4839576482772827
Adafactor,125,83,0.005416168751339652,46,0.08055760711431503
Adam,203,169,0.0089646157454466,52,0.08822134882211685
Adamax,201,239,0.0002681344448709998,56,0.1872512251138687
Adamax,163,168,0.0029979879001580416,62,0.048283640295267105
Nadam,62,180,0.0006735225051547689,39,0.07242778688669205
Ftrl,168,46,0.004238205358502479,103,2.3013112545013428
Ftrl,63,148,0.00022496759172173776,59,2.3024110794067383
Adadelta,223,194,0.009369337030660526,41,0.45462241768836975
SGD,180,232,0.008092427368465233,62,0.3435126841068268
Adagrad,174,69,0.006552205825907372,94,0.31023797392845154
Adafactor,40,56,0.0016805725004966504,119,0.2848484516143799
Nadam,161,127,0.0008422133032150267,53,0.04362429678440094
AdamW,223,87,0.002360824223402932,39,0.03932301700115204
Adafactor,94,165,0.008035136108908833,35,nan
Adamax,36,42,0.0015893530662544825,122,0.19355003535747528
Adafactor,197,213,0.004580357271025286,63,nan
Adam,111,211,0.008235712698953427,114,0.06717342883348465
AdamW,240,246,0.008180408491693714,53,0.08810403198003769
AdamW,142,148,0.005804931160068541,89,0.054933931678533554
Adagrad,220,151,0.005893663480640919,70,0.2786261737346649
SGD,100,113,0.007035523650098924,72,0.39417460560798645
Nadam,225,145,0.006289644386508367,102,0.047961071133613586
RMSprop,79,111,0.0015362840698944953,63,0.06026971712708473
Adamax,74,212,0.003644320597886379,37,0.05910293385386467
SGD,44,82,0.005916448398418175,110,0.633150041103363
Adagrad,239,78,0.0030375846571143784,108,0.42260903120040894
Ftrl,248,124,0.00542308665619283,83,2.3012404441833496
Ftrl,97,170,0.003013042661895317,50,2.3013851642608643
AdamW,219,225,0.0042890497189895125,32,0.06586816161870956
SGD,99,48,0.00021151413540228863,40,2.16162371635437
Adagrad,138,178,0.002025832848615359,56,0.41480785608291626
Nadam,198,66,0.007962606732545315,58,0.06988316774368286
Nadam,107,112,0.0029395072476749045,39,0.048806190490722656
Nadam,180,143,0.005068272876410662,113,0.043726515024900436
Adadelta,132,103,0.0035124808920240762,44,1.371123194694519
Adadelta,166,242,0.0024482797342013566,66,1.7812200784683228
Ftrl,157,162,0.0036983239752043616,34,2.3013031482696533
SGD,137,160,0.008159482161482748,40,0.30440863966941833
AdamW,59,59,0.005597959049409486,46,0.07419576495885849
Adam,149,137,0.006638628830579285,103,0.059091195464134216
AdamW,32,102,0.002103612765418504,93,0.08997438102960587
Nadam,112,74,0.009076141647283745,78,0.07265424728393555
Adafactor,252,95,0.008347854744684049,61,0.048242587596178055
Adafactor,246,138,0.002706164120588241,127,0.14949941635131836
Adafactor,47,42,0.007918035034130142,40,nan
Adam,118,92,0.004360854888115802,35,0.058165062218904495
RMSprop,247,139,0.008071437183025863,80,0.08002500981092453
Nadam,126,199,0.0002526674391310342,101,0.13493314385414124
Adamax,94,116,0.0014431140994946511,120,0.11939991265535355
RMSprop,60,56,0.0026553386700699675,39,0.07064418494701385
Adamax,232,189,0.009958435515155588,56,0.02512543834745884
Ftrl,106,188,0.0025068582791702566,125,2.301553964614868
SGD,208,68,0.006358603577572161,121,0.5325078368186951
Adam,117,154,0.007737876363942334,95,0.06516727060079575
RMSprop,45,66,0.003275701047248709,125,0.07229486852884293
RMSprop,202,121,0.0011909428366682745,33,0.042396366596221924
Adafactor,226,143,0.004756552298258928,66,nan
Adagrad,252,197,0.009625592374239626,104,0.25944268703460693
Adadelta,76,182,0.007277984071043633,80,1.1096028089523315
SGD,225,245,0.003739040537693107,49,0.4339921176433563
AdamW,111,234,0.0005840980999675312,128,0.09203137457370758
Ftrl,196,67,0.008658921922786288,57,2.3011913299560547
Adagrad,82,72,0.009607183329668428,95,0.2735181748867035
Adafactor,205,139,0.004142677006197597,43,nan
Adam,166,224,0.0026639596052147304,46,0.04374019801616669
SGD,38,56,0.008076983889747596,82,0.4417620301246643
Nadam,146,149,0.0068819810123383314,83,0.06044730544090271
Nadam,82,114,0.0047086998038793956,82,0.05441724881529808
Nadam,234,175,0.0067288945427076375,46,0.07084807008504868
Nadam,153,253,0.0026684043993547386,127,0.03681109473109245
Adagrad,149,62,0.005917101937286221,56,0.27709242701530457
Adafactor,77,248,0.0074741460839359685,88,0.09629033505916595
Ftrl,49,214,0.008132335088692546,62,2.3011910915374756
Nadam,49,182,0.00015521423022600437,89,0.23381294310092926
Ftrl,74,254,0.009744954066037884,85,2.301192045211792
SGD,65,100,0.006486729215808354,77,0.4360468089580536
Adamax,234,187,0.007184193916894643,87,0.027782978489995003
Nadam,69,54,0.007628874003512707,120,0.06386391073465347
AdamW,252,134,0.002531835639581136,92,0.035910464823246
RMSprop,205,41,0.0009007752889785296,84,0.05985452979803085
Adamax,176,244,0.0006636928396985904,52,0.11179153621196747
Ftrl,98,240,0.0050411796816306875,82,2.3012490272521973
SGD,87,161,0.006214650956581281,94,0.5138225555419922
Ftrl,122,249,0.0012586392396210194,85,2.3018717765808105
Ftrl,57,234,0.005684313266867674,56,2.301220417022705
AdamW,250,189,0.005276778968499063,114,0.0471506305038929
SGD,233,109,0.0062242160233127565,55,0.3632476031780243
AdamW,174,201,0.006710928589170115,51,0.07459873706102371
Adam,117,171,0.0011045505871457486,77,0.046754155308008194
Adam,71,55,0.0025613016888082177,69,0.057561833411455154
Ftrl,216,42,0.0011698316534523234,116,2.301927089691162
Adagrad,201,95,0.00337141140902803,34,0.2839216887950897
Adadelta,232,110,0.007309308603306838,97,0.8640629053115845
Adagrad,246,76,0.006959902172100179,49,0.23592448234558105
Adagrad,128,178,0.0022175073120517513,116,0.5599367618560791
Ftrl,179,71,0.0013075241709613976,122,2.3018922805786133
Ftrl,193,89,0.0007677001074727917,49,2.3020501136779785
Nadam,159,67,0.00977022097179177,47,0.09067104756832123
Adagrad,55,108,0.007469631947696087,115,0.3313169777393341
Adagrad,93,194,0.0009718212815263886,34,0.5137795805931091
Adamax,33,90,0.005140516515888389,71,0.09527800977230072
Nadam,96,128,0.009205308470125224,38,0.0924997329711914
SGD,255,210,0.005694737381278225,71,0.41270241141319275
Adadelta,68,58,0.00721689644799322,99,1.3839620351791382
SGD,157,134,0.006037530381278825,53,0.3621152937412262
Adamax,140,227,0.0009622321656952087,114,0.12411699444055557
AdamW,235,252,0.002126016807156517,58,0.03593774884939194
Adam,138,234,0.008998814012187804,73,0.08517707884311676
Adadelta,142,48,0.0018558243855226566,112,2.116133451461792
Adamax,233,63,0.005204113579773845,95,0.039866361767053604
Adadelta,235,47,0.005400734220482115,45,0.8045157194137573
AdamW,42,136,0.0017092300754623067,84,0.07628251612186432
SGD,46,95,0.005541246876617363,48,0.37878820300102234
Adam,46,153,0.00035835645267966366,62,0.13998360931873322
RMSprop,93,50,0.0036007395849778708,78,0.054297998547554016
Adadelta,239,181,0.00491339257342727,98,1.154405117034912
Nadam,116,95,0.0021991126217848793,41,0.044486984610557556
Adam,40,252,0.009609831098435098,52,0.11436620354652405
AdamW,156,138,0.004349982893114144,49,0.055209022015333176
SGD,101,218,0.001766418978236552,36,0.6270248293876648
Ftrl,49,233,0.007782164079034598,38,2.3011927604675293
Ftrl,141,190,0.007791944039734097,107,2.301198720932007
Adadelta,35,222,0.0028417723588605986,98,2.177211046218872
RMSprop,158,170,0.00975873423498885,45,0.15593720972537994
Ftrl,34,154,0.0035610764602527272,80,2.301344156265259
Adafactor,121,59,0.009798418204418893,66,0.06477160006761551
Adagrad,48,103,0.00221546705768831,72,0.5176025032997131
SGD,59,227,0.0022350055578806037,92,1.5196188688278198
Adadelta,208,44,0.00924816722137209,86,0.7945841550827026
Adagrad,131,34,0.0048343312460479545,81,0.337322860956192
Adam,88,188,0.004357715996789604,70,0.052553921937942505
Adamax,82,101,0.007157079229993527,64,0.05138281732797623
Adadelta,124,37,0.0036746954820873227,100,1.862501621246338
Adagrad,108,256,0.004580129369979914,112,0.3704178035259247
Adamax,104,158,0.007972910713108312,79,0.040869373828172684
AdamW,215,245,0.006263007049581793,118,0.05086585134267807
Adadelta,256,228,0.00019759690916057023,106,2.287428855895996
AdamW,115,126,0.005374595304817788,84,0.05188994109630585
RMSprop,86,249,0.003501224448237267,121,0.04780339077115059
Adagrad,228,90,0.0002868426404902438,49,1.5418351888656616
Adagrad,254,36,0.006038507461069691,91,0.3111591339111328
AdamW,207,136,0.004429674496254462,116,0.04274969920516014
RMSprop,190,157,0.006603186735481128,92,0.060192517936229706
Adagrad,151,209,0.005350446852428654,94,0.3277829885482788
RMSprop,237,205,0.006764688548802969,103,0.06041788309812546
Ftrl,233,187,0.0034787962158058135,117,2.3013954162597656
Nadam,223,179,0.004974981765625419,72,0.049227096140384674
Adagrad,192,59,0.005022192939864494,97,0.33558717370033264
Adamax,119,229,0.001723547420906964,96,0.08478718996047974
RMSprop,241,128,0.004307632814312582,79,0.04589901491999626
SGD,92,229,0.0030928917011775843,112,1.23396897315979
Adagrad,127,120,0.0031096737612996412,128,0.4637869596481323
Adam,175,108,0.0015351518255591005,107,0.040174879133701324
Adamax,97,215,0.0051781632941139645,96,0.049099262803792953
Nadam,223,249,0.004196264733670244,37,0.054094091057777405
Adam,159,148,0.005880201832753656,111,0.04803589731454849
Ftrl,205,108,0.0033062287773461944,100,2.301393508911133
Adam,95,228,0.0017503692802378322,104,0.048084378242492676
Adamax,190,211,0.009326022759593568,41,0.025716425850987434
Nadam,251,146,0.0005262790864471288,119,0.0635308176279068
Adamax,48,201,0.0036250416804701705,106,0.09415742009878159
Adamax,192,241,0.008479792428460062,101,0.03151342272758484
AdamW,95,214,0.0037069106868880667,71,0.05526532232761383
Adafactor,176,210,0.007312614303490519,122,0.07762286812067032
Adadelta,102,143,0.0047023607151247815,64,1.297096610069275
Nadam,128,97,0.004012569540820948,70,0.04719603806734085
Adadelta,46,229,0.006742193373164055,81,1.3482232093811035
RMSprop,245,212,0.002759231233297257,127,0.034701090306043625
Nadam,184,211,0.009204903954277309,94,0.0721723809838295
Nadam,106,126,0.000996253302523368,92,0.060671210289001465
Adamax,72,82,0.003444046064220856,106,0.09149100631475449
RMSprop,45,39,0.008266494239823233,44,0.13845811784267426
Adam,188,142,0.0006984994499392741,65,0.04570678249001503
Adam,52,79,0.00238847682567473,100,0.06643669307231903
Adamax,218,65,0.009651565150640237,55,0.029743103310465813
Ftrl,52,242,0.004391035308621161,52,2.3012688159942627
Nadam,209,216,0.009160562430506664,58,0.08773117512464523
Adagrad,110,237,0.0006796983920297166,85,1.4490203857421875
SGD,32,217,0.008329599640406101,123,0.5872600078582764
AdamW,220,86,0.002325588558606211,84,0.03690715879201889
RMSprop,223,57,0.004748046463323324,109,0.042786214500665665
Ftrl,201,71,0.0025478427182301154,85,2.301497220993042
Adadelta,116,116,0.0058750008508467256,127,1.408682942390442
Adam,242,47,0.0005762190703344144,57,0.054969046264886856
AdamW,45,84,0.004324730955044958,100,0.06810598820447922
Adamax,212,111,0.004697775248968385,109,0.041700419038534164
AdamW,182,242,0.009753430201429906,36,0.10911886394023895
Adamax,202,174,0.00019570741596202902,63,0.2297038584947586
AdamW,128,82,0.008459688407415419,62,0.07735839486122131
Adagrad,153,170,0.0010135047422111356,99,1.0177192687988281
Ftrl,67,192,0.006469381843927087,92,2.3012139797210693
Adagrad,234,103,0.0009366894307112372,88,0.7840679287910461
RMSprop,245,114,0.005376078667202865,70,0.05986412242054939
Adadelta,149,115,0.0009779206773427875,72,2.171017646789551
Adam,241,45,0.001428440488056312,76,0.037444643676280975
RMSprop,84,41,0.006904739807835776,92,0.0741170272231102
SGD,223,109,0.007577083987994257,41,0.3033525049686432
SGD,145,38,0.005751039084119038,61,0.40477681159973145
Adam,40,78,0.007745905942037515,96,0.08644598722457886
RMSprop,92,212,0.006161403553049472,118,0.05841805785894394
Adafactor,226,108,0.002975687628330568,122,0.14730635285377502
Adadelta,37,72,0.0012884052972073194,97,2.2304916381835938
Ftrl,97,57,0.00309989358056761,62,2.3013949394226074
Adadelta,227,100,0.0006476364996937656,84,2.220658779144287
Adam,130,75,0.006987837199074829,98,0.0571846142411232
Adamax,185,82,0.0012966746799055395,127,0.1098310798406601
Adagrad,151,192,0.009009047224030332,82,0.2603171765804291
Nadam,172,60,0.007697490992575738,36,0.080028235912323
SGD,153,74,0.007670131517065325,70,0.37221142649650574
Adamax,198,192,0.003934695803263972,62,0.03702842444181442
AdamW,136,189,0.0004616657476279467,57,0.06427417695522308
Adadelta,190,114,0.003403461077730111,118,1.8222346305847168
Adagrad,154,38,0.0016456300513873624,39,0.44033241271972656
AdamW,167,146,0.007938723579655114,62,0.07780446112155914
Adam,138,211,0.0017065948433749214,77,0.03898113965988159
Adafactor,240,39,0.0014664636853296224,34,nan
SGD,153,143,0.001105958009754111,84,1.8328046798706055
Adafactor,237,89,0.0018272943199334384,50,nan
Ftrl,163,149,0.008325576650928486,83,2.301193952560425
Nadam,177,238,0.002275568970179931,104,0.036985546350479126
Ftrl,168,40,0.004267302491339697,52,2.3012773990631104
Adam,207,150,0.004260265581619342,83,0.04775520786643028
Nadam,186,173,0.004002391186277917,86,0.043115824460983276
Adadelta,189,99,0.005592398368557608,44,0.7504506707191467
Adagrad,89,202,0.004743150223480972,87,0.33890780806541443
Nadam,137,162,0.0033395978837998867,124,0.03796318918466568
Adamax,121,108,0.00838017119329825,38,0.036428045481443405
Adam,121,256,0.00871979943749267,105,0.07101976126432419
RMSprop,79,150,0.005630159771305753,69,0.07261519134044647
Ftrl,85,118,0.005872121637454692,100,2.3012301921844482
Adagrad,172,143,0.009618661604527618,122,0.2874925136566162
Adafactor,74,127,0.005845934303745734,61,0.10380560159683228
Nadam,203,195,0.003501809631023597,48,0.046889834105968475
Adamax,251,129,0.0066742290931757955,103,0.03385374695062637
Ftrl,172,81,0.0032573452170754063,45,2.301351547241211
Nadam,159,162,0.004514738447361338,86,0.04593075439333916
AdamW,62,120,0.006507306474304583,50,0.07928414642810822
Adagrad,178,202,0.003823691734154913,68,0.3300538659095764
Adam,227,84,0.0027711471132816474,86,0.03567107766866684
AdamW,93,182,0.0005798701589677739,36,0.05933534726500511
Adamax,161,128,0.007010088169454145,111,0.03780347853899002
Ftrl,120,236,0.005072670262765975,68,2.3012397289276123
Adagrad,114,84,0.009868321173866044,65,0.23911018669605255
Adagrad,239,250,0.007757761363142068,78,0.25865083932876587
Adagrad,141,85,0.008509711855728939,112,0.29455703496932983
Adam,118,248,0.0035525222886620303,105,0.044449858367443085
Adagrad,132,222,0.004039426352263173,46,0.2931576073169708
Ftrl,93,196,0.008030657098930853,49,2.3011910915374756
SGD,85,197,0.00011226868461072605,88,2.291041612625122
Adamax,170,162,0.0036112262397278443,119,0.050685733556747437
SGD,83,215,0.001187812279809064,37,0.9777575135231018
Adadelta,84,154,0.002986194123117303,111,2.0539045333862305
Nadam,254,98,0.0020848166594446705,94,0.03228120505809784
Adam,237,205,0.0024979111097426345,96,0.03535083308815956
SGD,189,163,0.0037591525329496024,104,0.7486275434494019
Adam,67,249,0.004770726564379067,85,0.056734345853328705
Adafactor,156,151,0.002735064672234618,64,0.1313655525445938
Adadelta,216,249,0.005977618155396509,58,0.7089726328849792
Nadam,198,219,0.0013246050571435394,74,0.03544194623827934
Adafactor,152,91,0.006699231393466112,106,0.08770319819450378
RMSprop,189,48,0.0029733260804743937,68,0.044290218502283096
Adam,205,198,0.009989311878388004,40,0.10407247394323349
AdamW,139,254,0.008835226151678576,95,0.07519946992397308
AdamW,36,194,0.0027863276882934894,127,0.0752529576420784
Adafactor,224,189,0.005120139305303671,114,0.09303969889879227
Adamax,227,255,0.0014645498733621449,53,0.060767609626054764
Adafactor,137,173,0.002339138244473808,104,nan
Adafactor,206,124,0.004564448669763268,102,nan
RMSprop,169,186,0.004741431429279137,101,0.048480190336704254
Adam,32,93,0.0013132833120532664,89,0.10824936628341675
Adamax,249,84,0.0060279643106269975,107,0.03521852567791939
Adam,123,48,0.009620420367380342,44,0.08916646242141724
Adamax,131,253,0.0006312027606358203,92,0.15073274075984955
Adadelta,53,216,0.0058234182602213075,70,1.370611548423767
AdamW,86,180,0.008430402010639985,113,0.06460690498352051
Nadam,198,149,0.0033332404322222293,85,0.039977066218853
AdamW,222,250,0.007765271249847666,125,0.060070719569921494
SGD,197,97,0.005047213429653888,40,0.3489123284816742
SGD,134,197,0.0040056286777333605,81,0.602556049823761
AdamW,210,163,0.0012800406252528372,75,0.036677468568086624
RMSprop,79,164,0.00515741430855828,100,0.0580405630171299
Adafactor,171,233,0.008844328601598334,120,0.07139451801776886
AdamW,96,63,0.0049684732323395054,72,0.055482860654592514
RMSprop,48,40,0.007155341315710616,76,0.0884602889418602
Adadelta,130,187,0.004624215739941922,102,1.49214768409729
SGD,90,157,0.009744247753779947,36,0.27969080209732056
Nadam,203,189,0.005179576900581322,74,0.05028092488646507
Adafactor,251,186,0.004157610630690931,101,0.1062050461769104
Nadam,108,105,0.001078200441840667,104,0.0592460110783577
Ftrl,99,34,0.0030561635613742,110,2.3014371395111084
Adamax,179,111,0.0040494929302255026,116,0.0519365631043911
Ftrl,192,32,0.0012022665309278377,99,2.301905870437622
SGD,91,162,0.007127703588712239,61,0.36787644028663635
Adadelta,168,49,0.006659895935218167,76,1.0086801052093506
Adagrad,157,199,0.006923512411678927,53,0.24628551304340363
Adadelta,71,174,0.005955927491796016,47,0.9894204139709473
Adadelta,137,241,0.005154216382897687,78,1.130161166191101
SGD,63,71,0.005294380045620272,68,0.4568435847759247
Adagrad,223,62,0.005116410194813929,48,0.2668895423412323
Nadam,182,58,0.005190475752900484,51,0.055402494966983795
Adafactor,199,87,0.009084062781609588,38,0.04602810740470886
Nadam,215,132,0.004933384123257262,128,0.03947729617357254
AdamW,247,98,0.008210285343246592,125,0.054427094757556915
Adadelta,100,220,0.006469081626312875,96,1.1842386722564697
AdamW,239,82,0.0008413775620069395,88,0.04684465751051903
RMSprop,135,115,0.00850236575637172,123,0.06640609353780746
Nadam,184,50,0.0042739237782876745,105,0.038039326667785645
Ftrl,123,241,0.002993768342021706,35,2.301377773284912
Adagrad,213,250,0.0036518989035149003,62,0.3210858702659607
AdamW,61,68,0.006018984764826368,34,0.08545289188623428
AdamW,239,202,0.005403744011900892,93,0.04816577211022377
Ftrl,234,92,0.005853899161381308,123,2.3012404441833496
RMSprop,118,255,0.00927880007665886,71,0.11404216289520264
SGD,248,105,0.00851673622613688,34,0.26522505283355713
AdamW,121,47,0.0005689689453469362,113,0.10604052990674973
Nadam,91,50,0.0022519416840118063,76,0.04774374142289162
Adamax,230,80,0.0006134266924328228,116,0.15185187757015228
RMSprop,180,49,0.008686885898466168,56,0.11661780625581741
Adadelta,40,85,0.00315335270762236,122,2.1987192630767822
Adafactor,64,207,0.0038471807451930717,112,nan
AdamW,135,248,0.005174384299687351,71,0.05659661069512367
Adafactor,63,106,0.007941325845445815,110,0.10928536206483841
SGD,94,93,0.001420387089247493,34,0.7034361362457275
AdamW,115,191,0.0009570236288347496,118,0.06276598572731018
Adafactor,153,252,0.004085647337931073,75,0.10899987816810608
Adafactor,114,171,0.0010167399419149065,125,0.28773266077041626
Ftrl,64,161,0.007005146797997015,103,2.301208257675171
Adam,204,175,0.005326638798244817,66,0.05671880766749382
Adadelta,100,125,0.004849615936031305,32,0.9338232278823853
Ftrl,145,40,0.006097192172688235,103,2.3012237548828125
Ftrl,184,201,0.00553000620820976,94,2.301232099533081
Adafactor,99,181,0.00485835150864382,62,nan
RMSprop,250,194,0.0075132418451479424,87,0.07557248324155807
Adam,152,99,0.008549787016807135,84,0.06457009166479111
RMSprop,243,141,0.0036247648593840374,114,0.03768341243267059
RMSprop,214,42,0.009570541632613859,114,0.0677328109741211
SGD,97,208,0.00861171870978438,54,0.3351244330406189
RMSprop,206,219,0.009584229455558653,99,0.09500431269407272
Adafactor,175,124,0.008900485657506917,97,0.06308603286743164
Adadelta,140,121,0.008349771605132063,96,0.8631665110588074
Adamax,86,79,0.0038413673426825005,121,0.08291558921337128
Adafactor,159,126,0.007211509049988555,48,0.058496762067079544
Adagrad,117,211,0.005719191853278884,62,0.28390851616859436
SGD,226,145,0.0020441871131486235,112,1.4364681243896484
SGD,106,238,0.0023919176543879,102,1.2950242757797241
Nadam,236,62,0.008217267209895754,49,0.07310493290424347
Adamax,156,235,0.009455874261307787,104,0.03402191400527954
Adamax,238,43,0.006671790981112801,42,0.03155800327658653
SGD,229,51,0.0069961084649041595,40,0.30950143933296204
Nadam,107,84,0.00924785612027721,92,0.06844985485076904
AdamW,224,255,0.004564192809476924,78,0.04995104297995567
Adadelta,132,215,0.006910010476283005,83,0.9043350219726562
Nadam,156,95,0.0020754696091784797,82,0.03844470530748367
SGD,162,114,0.008807382289027724,119,0.4338375926017761
Adadelta,51,244,0.0036386124743570717,41,1.5533961057662964
Ftrl,181,141,0.006333119852133949,58,2.301208019256592
Adam,155,105,0.009490533705657818,82,0.07272568345069885
Adagrad,198,158,0.001091863257258892,76,0.6725502610206604
RMSprop,62,222,0.008142875606717913,96,0.08630750328302383
Ftrl,49,242,0.0013021161975000897,41,2.301811456680298
Nadam,131,173,0.008037560499360823,52,0.0853901207447052
Ftrl,47,59,0.0024160835784407444,55,2.301490545272827
RMSprop,240,125,0.009830476707309774,77,0.10962512344121933
Adadelta,131,224,0.008426453643421584,65,0.6629745364189148
Adamax,49,250,0.0010017060151663853,85,0.15395711362361908
Adamax,131,253,0.005261479715400338,117,0.04428071156144142
Adagrad,75,55,0.0033394763551799107,36,0.3192283809185028
Ftrl,207,179,0.007274830032874203,123,2.3012077808380127
Nadam,244,220,0.007672903271364134,90,0.06255775690078735
Ftrl,189,90,0.0029113080714141897,93,2.301439046859741
Adadelta,255,177,0.0003890276683760251,43,2.191267251968384
Adagrad,202,60,0.00523622405171331,40,0.2560436427593231
RMSprop,235,142,0.0019381455707832005,98,0.03622440621256828
Nadam,185,39,0.009978767775855064,92,0.06733163446187973
Adagrad,95,158,0.0022570915970801845,67,0.42720767855644226
Adam,229,199,0.0035927514305484926,39,0.049254100769758224
Nadam,103,71,0.0003946369296779318,104,0.1298365443944931
Adagrad,101,240,0.009816694803052759,114,0.28904989361763
Adam,216,230,0.00887116578411649,118,0.06797892600297928
RMSprop,100,46,0.007915848286737647,90,0.07840453088283539
RMSprop,91,140,0.003872921851555047,71,0.053820375353097916
RMSprop,161,112,0.006063478794602793,34,0.12452127784490585
Adamax,117,135,0.001148481007662838,63,0.11114342510700226
Adagrad,180,58,0.009754827057131378,126,0.28480884432792664
Adamax,96,138,0.007321638002504341,90,0.04686683416366577
Adadelta,179,99,0.0059417672769913644,116,1.1909900903701782
Nadam,220,100,0.003713492417463818,50,0.04478517919778824
AdamW,188,192,0.0007852824617563208,104,0.05078364163637161
RMSprop,173,237,0.009259250758540186,41,0.15878944098949432
Adamax,52,124,0.007707815114837658,67,0.06483811885118484
Adafactor,237,65,0.009628132764180728,88,0.057018473744392395
Adafactor,106,194,0.008846387244404936,87,nan
AdamW,161,253,0.008959833249933939,76,0.07898494601249695
RMSprop,223,171,0.006438307032323237,75,0.07184359431266785
Ftrl,98,256,0.0067067100606463875,105,2.301213026046753
Adam,50,165,0.0072681997688908515,112,0.06979738920927048
Adamax,111,235,0.005731816719535969,40,0.038618482649326324
SGD,242,72,0.0002201996312084649,82,2.219712972640991
RMSprop,136,126,0.007759891920861069,83,0.07812069356441498
Adam,69,140,0.003919706323956899,96,0.056976255029439926
SGD,183,176,0.008608167165846732,125,0.4467815160751343
SGD,219,255,0.005670718069846405,38,0.33003443479537964
Adadelta,53,133,0.005563864355509395,39,1.1316381692886353
SGD,242,134,0.0035022293745676746,57,0.4794880151748657
Adagrad,120,133,0.005396999205837796,91,0.3267468214035034
Adagrad,142,245,0.009690952327309016,77,0.2467586249113083
AdamW,45,232,0.009132356810765982,106,0.08185721933841705
AdamW,85,244,0.004726203807190214,47,0.06309765577316284
Adagrad,140,236,0.0015218255695703187,96,0.644488513469696
Ftrl,94,166,0.004956296480886345,73,2.3012523651123047
Adagrad,87,204,0.00679376511855015,115,0.3322732448577881
Adam,179,205,0.008890090037078812,40,0.0962800532579422
Adamax,209,150,0.0020107257657700755,88,0.0643937811255455
Ftrl,70,110,0.0071044493524358605,107,2.301205635070801
Adagrad,82,190,0.0034800398205606675,97,0.40352025628089905
Adamax,113,35,0.0016591923386497598,92,0.11573097854852676
Ftrl,252,40,0.009454160488309053,87,2.3011906147003174
SGD,145,207,0.0016476484636278109,109,1.729131817817688
Adafactor,145,204,0.00219165400565189,59,0.15986479818820953
Nadam,120,236,0.0017347013759653838,61,0.04071076586842537
Adadelta,228,38,0.0039576528611036076,84,1.4944473505020142
Adam,50,166,0.0006639847494829056,113,0.11985991150140762
Adadelta,173,100,0.005934335844754191,122,1.2773252725601196
Adadelta,170,191,0.008793864093049348,125,0.8636453747749329
Adamax,85,111,0.0015566202446624722,99,0.11768680810928345
RMSprop,236,255,0.00037764896355626496,38,0.05852121114730835
Ftrl,61,169,0.0047482620256367744,90,2.301272392272949
SGD,38,124,0.004711867106756079,107,0.807939887046814
Nadam,137,78,0.008408895089272589,37,0.08719063550233841
Adam,209,189,0.0019706067315574775,89,0.03438344597816467
RMSprop,65,200,0.007239249344214945,91,0.08284194022417068
Ftrl,191,187,0.004871492178631275,122,2.3012759685516357
SGD,153,161,0.00727287154965604,50,0.3329450190067291
Adadelta,60,235,0.003176081563423007,87,2.015267848968506
Adagrad,201,220,0.0069466004358273315,44,0.22837750613689423
Adafactor,160,48,0.0071849946994117795,125,0.0940978154540062
Adamax,79,256,0.0029447194798254976,103,0.07868296653032303
SGD,114,137,0.0032483427864266044,62,0.574262261390686
RMSprop,176,77,0.009376521350719518,127,0.06857679039239883
SGD,248,150,0.0020200450406868413,56,0.6816996932029724
Adamax,115,186,0.005735361201157308,45,0.0375160314142704
Ftrl,202,204,0.007417256145873817,40,2.301191568374634
AdamW,186,237,0.0011458024645322775,81,0.03840121999382973
Adadelta,115,189,0.009157877021517302,53,0.5990456342697144
Adamax,43,191,0.00813179319384255,49,0.0656718909740448
SGD,246,180,0.000606354450430562,40,1.6819021701812744
Adamax,244,194,0.0008830015742789694,60,0.09404681622982025
Adam,184,70,0.0099377769024921,81,0.07623172551393509
Ftrl,47,186,0.0009397690786266894,75,2.3019847869873047
Adafactor,121,200,0.008637444724723928,42,0.057846564799547195
SGD,233,231,0.00909202652437347,72,0.3477088510990143
SGD,132,172,0.0036681850310635996,111,0.8594895601272583
SGD,38,193,0.004808262809213094,112,0.9331101775169373
AdamW,194,80,0.007435488907845762,87,0.06433174759149551
Adafactor,138,122,0.0011979370258053585,52,0.2130570113658905
Adadelta,150,134,0.002401465015130418,92,1.957762598991394
Adadelta,32,67,0.005438154825744312,40,1.5041663646697998
Adafactor,220,199,0.004278062825940917,32,nan
Adam,178,206,0.0039192677805080685,49,0.051458071917295456
Nadam,191,76,0.008146057708530989,49,0.07848456501960754
Adamax,104,90,0.00420778062824396,119,0.06458869576454163
RMSprop,203,138,0.006740767308679409,43,0.1197727769613266
RMSprop,112,245,0.005884828813848476,60,0.08518193662166595
Adafactor,76,106,0.009772177148267431,57,0.07439937442541122
Adafactor,46,72,0.00837981689135522,47,0.09809322655200958
Adagrad,233,221,0.003896857314133392,52,0.2956260144710541
Adamax,118,122,0.009010715367884654,76,0.03546693176031113
Ftrl,90,132,0.0004655889535612516,34,2.3022217750549316
RMSprop,41,208,0.003638684491090058,96,0.06712369620800018
Ftrl,115,80,0.004117314313184063,61,2.3012869358062744
AdamW,155,253,0.0013796969274062426,100,0.04128306359052658
Adagrad,181,241,0.008277897274920613,93,0.26949343085289
Adamax,232,43,0.006747834651031175,97,0.0372280478477478
Nadam,256,244,0.0009831399218753515,119,0.0387878343462944
RMSprop,65,220,0.002352302387256478,42,0.06487913429737091
Adafactor,99,253,0.004221807698928775,117,0.14221754670143127
Adafactor,73,32,0.0008329919473551565,76,0.30922290682792664
Adagrad,121,251,0.009737715061306423,64,0.22788073122501373
Nadam,95,171,0.007397803602034014,92,0.06344537436962128
AdamW,207,105,0.00154212333949258,65,0.03425849601626396
RMSprop,104,72,0.009330605024231612,35,0.1840929538011551
Adamax,190,59,0.00833068511826204,120,0.0364290289580822
Adadelta,33,113,0.0032739705040972997,94,2.11364483833313
Adafactor,67,93,0.004892997014163378,42,nan
Ftrl,54,47,0.0035571540823887424,114,2.301379680633545
Adafactor,154,45,0.005157242695323273,68,0.08860550820827484
SGD,152,125,0.0005183631450535142,39,1.8692517280578613
Adadelta,223,117,0.003333112629534765,109,1.593217134475708
Adagrad,69,115,0.0006341643403673377,109,1.7987983226776123
RMSprop,104,46,0.0002065489205191279,66,0.17493052780628204
Adam,187,90,0.0037173145241841407,58,0.04415188729763031
AdamW,160,185,0.002863498905720325,56,0.04409492015838623
Adam,94,131,0.0067961132089439024,96,0.06130976229906082
AdamW,138,209,0.00758647478516428,121,0.05879027023911476
Ftrl,38,109,0.00590863093992373,125,2.3012378215789795
AdamW,116,109,0.008867904894836364,44,0.0924101173877716
Nadam,89,117,0.007996634541855724,120,0.05944528803229332
Adamax,125,251,0.00044118253684510323,77,0.1777864396572113
Adamax,172,58,0.008695420757083069,70,0.03483250364661217
Adafactor,73,65,0.004525187626333662,122,0.15413302183151245
Nadam,39,255,0.005136661525212237,60,0.07446785271167755
Ftrl,89,86,0.004947213331629691,101,2.301266670227051
Adam,110,122,0.0008745874514571165,39,0.04618355631828308
SGD,180,90,0.0059206619150873625,68,0.38894498348236084
RMSprop,229,190,0.003996540507866249,79,0.04467697814106941
Ftrl,144,156,0.0033911034610525853,76,2.301363706588745
AdamW,240,176,0.0040504210755877715,94,0.045990049839019775
Adamax,130,104,0.0013973688802301108,47,0.09000037610530853
Ftrl,155,223,0.006915070570387873,97,2.3012068271636963
Nadam,178,59,0.006294725435568175,75,0.054203327745199203
Adagrad,113,75,0.0006332933545797312,57,1.0489434003829956
Ftrl,48,254,0.009941351930700643,120,2.3011934757232666
Ftrl,123,65,0.008077424220210641,58,2.30118989944458
Adafactor,101,59,0.00496589050800313,56,0.10133413970470428
SGD,58,68,0.009449223463778867,43,0.3062148988246918
Adam,234,56,0.0019318978950749546,67,0.03543243557214737
Adafactor,157,189,0.006552408769829261,95,0.08296461403369904
Adamax,240,228,0.002085332724545518,54,0.04652939736843109
Ftrl,73,48,0.009397367800682394,52,2.3011858463287354
Adadelta,173,243,0.008833881815245468,96,0.7049736380577087
Ftrl,62,91,0.0035466234782176283,74,2.3013548851013184
RMSprop,211,201,0.0026208182405259455,117,0.035248737782239914
Adadelta,52,50,0.0020638573301836813,47,2.0907533168792725
Ftrl,160,240,0.0045274074754951,57,2.3012592792510986
RMSprop,242,167,0.0005666222760448912,103,0.06450958549976349
Nadam,203,160,0.007283224331542867,78,0.06539084017276764
Nadam,87,82,0.0011268796437139805,45,0.05479085445404053
RMSprop,79,245,0.0028704943961404077,51,0.05489647760987282
RMSprop,84,166,0.0007034529974282933,113,0.0886559709906578
Ftrl,96,107,0.0076626976257771874,114,2.3012030124664307
Adamax,109,112,0.008538960000569144,38,0.0363856740295887
Ftrl,74,224,0.0032665587969862298,40,2.3013408184051514
Adagrad,75,193,0.008889786797865893,72,0.2692335844039917
Ftrl,235,84,0.008170378902544287,85,2.301196336746216
Adadelta,39,62,0.005197444831682382,83,1.9095089435577393
Adamax,212,73,0.008770983668583003,47,0.02990751527249813
Adam,83,247,0.0005930872611021707,53,0.06933528184890747
SGD,75,89,0.005188568105793114,66,0.4571566879749298
Nadam,193,131,0.002220341761084394,114,0.03533609211444855
RMSprop,165,206,0.006953238600509625,59,0.09105381369590759
Adamax,163,209,0.005428589753898153,89,0.03707670792937279
Adamax,151,208,0.006547405864154332,48,0.03302561119198799
SGD,195,61,0.0027156030659565918,42,0.4739169180393219
RMSprop,70,141,0.005225675493398643,112,0.06059693917632103
SGD,128,112,0.0031605077718124945,86,0.7749037146568298
Adafactor,197,243,0.005530457637621521,85,0.08044015616178513
Adagrad,220,149,0.0010647313259949305,49,0.5287783741950989
AdamW,133,57,0.005848458163615607,77,0.05699978396296501
Adadelta,131,161,0.0066549887736394135,65,0.8343814611434937
Adafactor,120,48,0.004408796367992083,112,0.14523012936115265
Adam,177,214,0.009573335243667918,103,0.07482151687145233
Adafactor,59,199,0.006119138728163189,79,0.11098754405975342
Adam,237,224,0.0026636149188055936,44,0.04185391217470169
Ftrl,63,242,0.0003901231584986321,99,2.3023154735565186
RMSprop,151,239,0.003849939029748324,89,0.04484277591109276
AdamW,200,160,0.0007785562193256792,127,0.05475778877735138
Adafactor,107,225,0.009679687082392826,102,nan
Adadelta,101,202,0.006721015994888029,121,1.3632755279541016
AdamW,126,188,0.003442546357073249,41,0.05282788351178169
Adadelta,151,253,0.0018236069615146528,52,1.9266055822372437
Ftrl,96,156,0.009833452452642446,62,2.3011889457702637
Adamax,223,54,0.006505256775171208,51,0.03383281081914902
SGD,57,92,0.001444921147567115,69,1.3876341581344604
Adamax,171,238,0.0005030850591358566,42,0.13387484848499298
Ftrl,138,203,0.008812807792591438,40,2.3011879920959473
Adafactor,177,178,0.0015253437012994612,54,nan
Adadelta,42,83,0.0030501175053801403,90,2.1106016635894775
Adafactor,63,220,0.003701477055963967,50,0.13568584620952606
Adadelta,143,199,0.009733463816246849,115,0.7803876996040344
Ftrl,78,147,0.0030497955077583645,118,2.3014566898345947
RMSprop,126,97,0.003146214298536031,102,0.043235257267951965
RMSprop,231,63,0.00845529902887362,51,0.11707471311092377
Ftrl,150,77,0.002454538786737876,50,2.301483154296875
SGD,216,122,0.009735909763298366,120,0.41077855229377747
SGD,154,42,0.008682106897333902,35,0.27781912684440613
AdamW,77,157,0.00227317333287672,54,0.04949285089969635
AdamW,185,47,0.004415067763785342,102,0.04480607062578201
Adagrad,140,193,0.001897835810115242,36,0.3607562184333801
Ftrl,209,105,0.00589475939596639,86,2.301222562789917
Ftrl,139,81,0.00781884687128302,122,2.3012006282806396
Adamax,49,140,0.0017826489177167166,74,0.12720143795013428
Nadam,96,40,0.0013027615339433916,81,0.06488743424415588
Ftrl,187,97,0.00015408763444542623,52,2.302455425262451
Adafactor,230,179,0.008673248536220321,111,nan
Adadelta,110,152,0.008708170427219199,90,0.8969802260398865
Adagrad,195,135,0.005705220245056204,97,0.31560540199279785
Adamax,128,190,0.007344231889749652,115,0.04062538221478462
SGD,185,224,0.005816196013570865,40,0.3338868021965027
Nadam,231,244,0.009806500651650757,87,0.07727320492267609
Nadam,50,223,0.009081031329061066,116,0.07737468183040619
Adadelta,102,104,0.0017942031826153231,87,2.119210958480835
RMSprop,65,55,0.0034934446673923905,120,0.06356844305992126
Adamax,210,217,0.006118852834549174,122,0.03276313096284866
AdamW,193,82,0.005481536925650548,118,0.044330958276987076
Adadelta,99,141,0.0029297875244573856,45,1.6502348184585571
AdamW,122,55,0.0002641391812794006,55,0.12775768339633942
SGD,143,247,0.0016500771803534525,83,1.4264863729476929
Ftrl,178,177,0.005605478743450612,119,2.301239013671875
Adam,251,135,0.00995540080681192,111,0.06850837171077728
Ftrl,220,218,0.009288852989939266,45,2.30118727684021
Adagrad,207,165,0.0066173257760534605,127,0.3159632682800293
Nadam,226,173,0.001497980819785248,68,0.033256009221076965
SGD,167,195,0.007619106069117295,94,0.42542970180511475
Adagrad,153,131,0.009954468339505288,128,0.29413729906082153
Ftrl,40,56,0.009945961383066962,61,2.3011932373046875
Nadam,228,183,0.009899863056993658,115,0.07247801870107651
Adadelta,119,216,0.003124367793192442,60,1.5563918352127075
Adam,75,90,0.005696926807977392,93,0.06038413196802139
Adam,142,151,0.0033327036640418885,60,0.044449832290410995
Ftrl,114,182,0.003492644595950298,122,2.3013930320739746
Adafactor,196,227,0.00013677387360527723,75,0.6094413995742798
Adam,130,101,0.00633624791885779,102,0.05298743396997452
Adam,39,245,0.0023248385159811546,94,0.06880446523427963
Adam,200,122,0.009771064546716156,103,0.06794620305299759
Adamax,113,53,0.00476102923213685,53,0.049778569489717484
Nadam,155,66,0.005356858588327221,43,0.05985652655363083
Adamax,146,213,0.007177829893797722,74,0.033716291189193726
Adadelta,58,208,0.0042715866372486635,124,1.9715094566345215
Nadam,221,225,0.005291585642248331,44,0.06341402232646942
Adadelta,222,39,0.0025176654045727365,106,1.8758971691131592
AdamW,210,136,0.009610389413532528,95,0.0734691470861435
Adafactor,47,229,0.002366131596193737,54,0.191840261220932
Adamax,182,237,0.0007714554521020214,55,0.10378214716911316
Adam,67,151,0.0004870908020782539,115,0.12993673980236053
Adam,221,134,0.007651465591867243,41,0.08077578991651535
RMSprop,128,42,0.0014038119437235416,68,0.05284872278571129
Nadam,128,184,0.006993055032521617,100,0.057911910116672516
Adadelta,95,38,0.008273739912086166,122,1.3357610702514648
Adadelta,48,99,0.005556100848953915,47,1.4584966897964478
Adafactor,56,148,0.004559677636371816,42,nan
Adafactor,71,222,0.008823190287483178,49,0.07443492859601974
Adagrad,149,193,0.0038106092181251854,82,0.3429831564426422
Adafactor,129,145,0.0020500172493328707,51,0.16160939633846283
AdamW,34,111,0.005952565933128626,65,0.08695120364427567
Nadam,74,107,0.004077182034121736,69,0.0527435801923275
Adamax,158,108,0.007972413904191152,103,0.037980157881975174
Adafactor,54,236,0.00016451708081960772,61,0.672353208065033
SGD,215,40,0.0047607823260434785,54,0.4237660765647888
SGD,129,93,0.008502816229497681,114,0.4370861351490021
RMSprop,99,244,0.006976755452886258,110,0.06471432745456696
Adamax,221,194,0.008769543576275997,35,0.025625523179769516
Ftrl,41,241,0.0007330759602042436,38,2.3020663261413574
Adadelta,50,88,0.007863043550170243,44,0.9034940004348755
Adagrad,199,203,0.00046776842174692235,98,1.7864235639572144
Adafactor,82,240,0.0025621800764055614,71,0.17543138563632965
Adafactor,197,99,0.0011123091611734733,77,nan
SGD,188,39,0.00621491842173004,87,0.4488595724105835
SGD,79,120,0.006034084901854182,67,0.41989853978157043
Adamax,74,189,0.004332353612859784,101,0.06870398670434952
AdamW,224,50,0.009146183624728984,75,0.07242614030838013
Adamax,145,50,0.005881309392162137,91,0.046111952513456345
RMSprop,248,156,0.005333715499003227,72,0.06124415621161461
Adam,236,198,0.006309745136888695,122,0.04790186882019043
Adagrad,170,247,0.005780936325574986,37,0.23733945190906525
AdamW,230,83,0.004702200756303144,47,0.054961998015642166
Adam,227,193,0.005471578873976848,37,0.07103274762630463
Adamax,117,196,0.002539189315286728,62,0.06347393244504929
SGD,191,88,0.009802136699258905,52,0.30630016326904297
Adam,231,104,0.00012626997586224066,73,0.15527498722076416
Nadam,195,172,0.009923160126470926,32,0.10867253690958023
Adagrad,170,183,0.002583676506867228,104,0.4643630087375641
Adamax,248,137,0.005950226796661652,104,0.0312766470015049
Ftrl,241,249,0.0037994960838966473,93,2.301344871520996
Ftrl,139,131,0.008497701455098537,89,2.3011934757232666
Ftrl,109,114,0.009568515534095184,59,2.301190137863159
Adam,186,255,0.007610093509679779,90,0.06591103971004486
Adagrad,175,234,0.004736986444843139,117,0.36069977283477783
Adadelta,130,190,0.005968034830043314,36,0.672585129737854
Adamax,222,90,0.002398515265968217,55,0.05018032714724541
SGD,126,37,0.0037873481453852683,55,0.47865596413612366
AdamW,73,230,0.008995081057604472,112,0.07769493758678436
Nadam,220,230,0.005138645719700793,123,0.042995911091566086
AdamW,217,178,0.0023418388549948073,65,0.03703673556447029
Ftrl,76,57,0.00428507570143119,46,2.301276922225952
RMSprop,121,230,0.005318412753272482,126,0.05089763551950455
AdamW,126,115,0.009268733575820833,34,0.10575314611196518
Ftrl,193,107,0.009349553411270632,119,2.3011932373046875
Adadelta,155,124,0.007758779551963194,125,1.088539481163025
Adafactor,150,210,0.001554137373196602,57,nan
Adagrad,209,146,0.004406407519090326,106,0.34838220477104187
Adafactor,170,231,0.005970907448878947,114,0.09106875956058502
Adamax,207,44,0.0007027698922264285,68,0.14949320256710052
Adagrad,34,49,0.001548493814304242,35,0.5317295789718628
Adagrad,59,243,0.003441026908543733,81,0.40420088171958923
Adadelta,127,250,0.0014389084365524485,122,2.1807985305786133
Adadelta,178,184,0.006415571373875946,40,0.6089748740196228
Adamax,218,185,0.00630335050586052,79,0.03067280352115631
Adafactor,135,50,0.001867085339276308,83,nan
Nadam,143,38,0.0037478156684478446,54,0.048240162432193756
SGD,230,32,0.0038408437763016168,58,0.48138344287872314
SGD,169,184,0.006394884014344253,41,0.32389453053474426
Adafactor,149,70,0.007205460434889621,68,nan
SGD,169,83,0.006080648903892141,46,0.3427707552909851
SGD,100,43,0.00825853728482381,53,0.34716853499412537
Adagrad,70,203,0.0038812193253614977,128,0.4582117795944214
Adagrad,45,52,0.0029569673246529586,86,0.4534585475921631
RMSprop,223,223,0.003907652106347135,37,0.07502356171607971
Adam,97,247,0.0033418954797020807,75,0.04610613361001015
RMSprop,121,66,0.002380630819840643,74,0.04669025540351868
Adadelta,34,79,0.006879894448272699,64,1.630767822265625
RMSprop,115,41,0.0010935511668701207,75,0.06393261253833771
Adamax,245,233,0.008008609391162243,123,0.030963875353336334
Adagrad,66,177,0.0024318497164720677,85,0.4865673780441284
Adadelta,237,224,0.0027902038417725638,103,1.7654781341552734
SGD,155,179,0.0009592442693569871,36,1.0839952230453491
Nadam,110,133,0.008450054577054443,121,0.06245269253849983
AdamW,130,223,0.002830820065141739,88,0.0407712459564209
Adam,85,66,0.004649736352221805,109,0.049986571073532104
Adafactor,219,197,0.0005313763710178099,91,nan
RMSprop,254,217,0.009381295387710492,59,0.1267957240343094
Nadam,79,110,0.007092733918347987,102,0.06099909916520119
Adagrad,228,247,0.008819434091874615,32,0.1734820008277893
Adam,234,167,0.004838878540275668,61,0.05438968539237976
Adam,164,183,0.005511090581418978,48,0.06920664012432098
SGD,90,232,0.008664385824729812,112,0.47005289793014526
SGD,106,162,0.0058427583850601105,46,0.36129581928253174
Adafactor,124,93,0.00805050068132061,88,nan
Adagrad,220,222,0.009534661015657937,49,0.20038385689258575
Nadam,129,157,0.001036913669139476,117,0.05473267287015915
Adadelta,84,154,0.0021499493030835886,32,1.7732694149017334
Adam,60,239,0.006932965773607672,112,0.06930199265480042
Nadam,93,242,0.003696699540499995,73,0.04972313717007637
Nadam,213,201,0.009062481444018696,35,0.10114175081253052
SGD,121,114,0.00656446238288145,93,0.45633837580680847
SGD,152,247,0.0041403086365200915,106,0.7262038588523865
RMSprop,114,143,0.007733193957856167,110,0.06862842291593552
Adadelta,225,66,0.0089404555692563,51,0.5576024651527405
Adam,242,194,0.00459304199016865,86,0.04737665131688118
SGD,244,90,0.008513251927207699,118,0.4472801983356476
Adafactor,76,204,0.009045848763351006,70,0.08239290863275528
AdamW,80,73,0.005031901418192748,91,0.054963234812021255
Adam,154,78,0.008478059947205007,103,0.05935651808977127
Adadelta,126,200,0.0033478022789376173,52,1.3492259979248047
Adamax,59,85,0.0071329714015645395,32,0.057774901390075684
Adam,210,250,0.009877426333774444,127,0.07657313346862793
Nadam,83,214,0.008010229798949189,109,0.06563805043697357
AdamW,109,189,0.004185403841462686,112,0.04625162109732628
RMSprop,127,251,0.005747789763611156,119,0.05097537115216255
Adam,184,84,0.006277108599174219,88,0.05275438725948334
Adadelta,73,156,0.0030031530108890203,57,1.7689889669418335
Adadelta,212,138,0.0064885568854260245,60,0.698471188545227
Adam,131,186,0.0066779703244730084,104,0.05542146414518356
SGD,129,147,0.002249367321677844,78,0.9959171414375305
Adam,122,44,0.00853037361172803,115,0.06104219704866409
SGD,106,54,0.005581486202465849,48,0.36836302280426025
RMSprop,238,157,0.002394020893036244,52,0.04133424535393715
Nadam,233,130,0.0062799978739008985,104,0.05056872218847275
RMSprop,222,108,0.001875969385784723,87,0.03688640519976616
Adam,106,168,0.004969760125781243,100,0.0483970008790493
RMSprop,59,168,0.008028559471371925,76,0.0931428000330925
Adamax,179,125,0.004542635885780534,58,0.03775806725025177
Ftrl,218,221,0.0025684957066340907,45,2.301441192626953
Adafactor,188,158,0.006901657691120264,113,0.08025407046079636
SGD,43,41,0.00988820950819609,71,0.38392847776412964
